"name"	"taxRank"	"taxID"	"Max"	"SRR17635459.cladeReads.."	"SRR17635460.cladeReads.."	"SRR17635461.cladeReads.."	"SRR17635534.cladeReads.."	"SRR17635579.cladeReads.."	"lineage"
"Lactobacillus crispatus"	"S"	47770	97.12	97.12	0.0299	0.04169	1.89	0.004227	"cellular&nbsp;organisms>Bacteria>Terrabacteria&nbsp;group>Bacillota>Bacilli>Lactobacillales>Lactobacillaceae>Lactobacillus"
"Lactobacillus kefiranofaciens"	"S"	267818	0.9086	0.9086	0.007869	0.03207	0.0765	NA	"cellular&nbsp;organisms>Bacteria>Terrabacteria&nbsp;group>Bacillota>Bacilli>Lactobacillales>Lactobacillaceae>Lactobacillus"
"Lactobacillus jensenii"	"S"	109790	73.85	0.8544	62.88	64.21	73.85	NA	"cellular&nbsp;organisms>Bacteria>Terrabacteria&nbsp;group>Bacillota>Bacilli>Lactobacillales>Lactobacillaceae>Lactobacillus"
"Lactobacillus helveticus"	"S"	1587	0.19	0.1072	0.08184	0.07697	0.19	NA	"cellular&nbsp;organisms>Bacteria>Terrabacteria&nbsp;group>Bacillota>Bacilli>Lactobacillales>Lactobacillaceae>Lactobacillus"
"Lactobacillus amylovorus"	"S"	1604	0.08578	0.08578	0.01259	0.01924	0.01974	NA	"cellular&nbsp;organisms>Bacteria>Terrabacteria&nbsp;group>Bacillota>Bacilli>Lactobacillales>Lactobacillaceae>Lactobacillus"
"Lactobacillus gasseri"	"S"	1596	18.55	0.02483	2.054	2.171	18.55	NA	"cellular&nbsp;organisms>Bacteria>Terrabacteria&nbsp;group>Bacillota>Bacilli>Lactobacillales>Lactobacillaceae>Lactobacillus"
"Lactobacillus acetotolerans"	"S"	1600	0.01974	0.01242	0.004722	NA	0.01974	NA	"cellular&nbsp;organisms>Bacteria>Terrabacteria&nbsp;group>Bacillota>Bacilli>Lactobacillales>Lactobacillaceae>Lactobacillus"
"Lactobacillus iners"	"S"	147802	33.57	0.01242	33.57	32.24	0.004936	0.002114	"cellular&nbsp;organisms>Bacteria>Terrabacteria&nbsp;group>Bacillota>Bacilli>Lactobacillales>Lactobacillaceae>Lactobacillus"
"Lactobacillus amylolyticus"	"S"	83683	0.009029	0.009029	0.001574	NA	0.002468	NA	"cellular&nbsp;organisms>Bacteria>Terrabacteria&nbsp;group>Bacillota>Bacilli>Lactobacillales>Lactobacillaceae>Lactobacillus"
"Lactobacillus paragasseri"	"S"	2107999	0.04689	0.0079	NA	NA	0.04689	NA	"cellular&nbsp;organisms>Bacteria>Terrabacteria&nbsp;group>Bacillota>Bacilli>Lactobacillales>Lactobacillaceae>Lactobacillus"
"Lactobacillus johnsonii"	"S"	33959	0.06663	0.006772	0.04879	0.04811	0.06663	NA	"cellular&nbsp;organisms>Bacteria>Terrabacteria&nbsp;group>Bacillota>Bacilli>Lactobacillales>Lactobacillaceae>Lactobacillus"
"Lactobacillus taiwanensis"	"S"	508451	0.005643	0.005643	NA	NA	NA	NA	"cellular&nbsp;organisms>Bacteria>Terrabacteria&nbsp;group>Bacillota>Bacilli>Lactobacillales>Lactobacillaceae>Lactobacillus"
"Lactobacillus sp. 3B(2020)"	"S"	2695882	0.001129	0.001129	NA	NA	NA	NA	"cellular&nbsp;organisms>Bacteria>Terrabacteria&nbsp;group>Bacillota>Bacilli>Lactobacillales>Lactobacillaceae>Lactobacillus>unclassified&nbsp;Lactobacillus"
"Lactobacillus sp. AMBV1719"	"S"	2993455	0.007403	0.001129	0.003148	0.003207	0.007403	NA	"cellular&nbsp;organisms>Bacteria>Terrabacteria&nbsp;group>Bacillota>Bacilli>Lactobacillales>Lactobacillaceae>Lactobacillus>unclassified&nbsp;Lactobacillus"
"Lactobacillus sp. ESL0785"	"S"	2983232	0.001129	0.001129	NA	NA	NA	NA	"cellular&nbsp;organisms>Bacteria>Terrabacteria&nbsp;group>Bacillota>Bacilli>Lactobacillales>Lactobacillaceae>Lactobacillus>unclassified&nbsp;Lactobacillus"
"Lactobacillus acidophilus"	"S"	1579	0.002257	0.002257	0.001574	NA	NA	NA	"cellular&nbsp;organisms>Bacteria>Terrabacteria&nbsp;group>Bacillota>Bacilli>Lactobacillales>Lactobacillaceae>Lactobacillus"
"Lactobacillus apis"	"S"	303541	0.002257	0.002257	NA	NA	NA	NA	"cellular&nbsp;organisms>Bacteria>Terrabacteria&nbsp;group>Bacillota>Bacilli>Lactobacillales>Lactobacillaceae>Lactobacillus"
"Lactobacillus kullabergensis"	"S"	1218493	0.002257	0.002257	NA	NA	NA	NA	"cellular&nbsp;organisms>Bacteria>Terrabacteria&nbsp;group>Bacillota>Bacilli>Lactobacillales>Lactobacillaceae>Lactobacillus"
"Lactobacillus ultunensis"	"S"	227945	0.001129	0.001129	NA	NA	NA	NA	"cellular&nbsp;organisms>Bacteria>Terrabacteria&nbsp;group>Bacillota>Bacilli>Lactobacillales>Lactobacillaceae>Lactobacillus"
"Lactobacillus helsingborgensis"	"S"	1218494	0.006295	0.001129	0.006295	0.003207	NA	NA	"cellular&nbsp;organisms>Bacteria>Terrabacteria&nbsp;group>Bacillota>Bacilli>Lactobacillales>Lactobacillaceae>Lactobacillus"
"Limosilactobacillus portuensis"	"S"	2742601	0.5485	0.5485	0.004722	NA	NA	NA	"cellular&nbsp;organisms>Bacteria>Terrabacteria&nbsp;group>Bacillota>Bacilli>Lactobacillales>Lactobacillaceae>Limosilactobacillus"
"Limosilactobacillus vaginalis"	"S"	1633	0.2455	0.114	0.2455	NA	NA	NA	"cellular&nbsp;organisms>Bacteria>Terrabacteria&nbsp;group>Bacillota>Bacilli>Lactobacillales>Lactobacillaceae>Limosilactobacillus"
"Limosilactobacillus reuteri"	"S"	1598	0.04402	0.04402	0.009443	NA	NA	NA	"cellular&nbsp;organisms>Bacteria>Terrabacteria&nbsp;group>Bacillota>Bacilli>Lactobacillales>Lactobacillaceae>Limosilactobacillus"
"Limosilactobacillus fermentum"	"S"	1613	0.04016	0.0079	0.006295	NA	0.002468	0.04016	"cellular&nbsp;organisms>Bacteria>Terrabacteria&nbsp;group>Bacillota>Bacilli>Lactobacillales>Lactobacillaceae>Limosilactobacillus"
"Limosilactobacillus panis"	"S"	47493	0.005643	0.005643	NA	NA	NA	NA	"cellular&nbsp;organisms>Bacteria>Terrabacteria&nbsp;group>Bacillota>Bacilli>Lactobacillales>Lactobacillaceae>Limosilactobacillus"
"Limosilactobacillus oris"	"S"	1632	0.004515	0.004515	NA	NA	NA	NA	"cellular&nbsp;organisms>Bacteria>Terrabacteria&nbsp;group>Bacillota>Bacilli>Lactobacillales>Lactobacillaceae>Limosilactobacillus"
"Limosilactobacillus frumenti"	"S"	104955	0.02221	0.003386	NA	NA	0.02221	NA	"cellular&nbsp;organisms>Bacteria>Terrabacteria&nbsp;group>Bacillota>Bacilli>Lactobacillales>Lactobacillaceae>Limosilactobacillus"
"Limosilactobacillus mucosae"	"S"	97478	0.002257	0.002257	0.001574	NA	NA	NA	"cellular&nbsp;organisms>Bacteria>Terrabacteria&nbsp;group>Bacillota>Bacilli>Lactobacillales>Lactobacillaceae>Limosilactobacillus"
"Limosilactobacillus pontis"	"S"	35787	0.001129	0.001129	NA	NA	NA	NA	"cellular&nbsp;organisms>Bacteria>Terrabacteria&nbsp;group>Bacillota>Bacilli>Lactobacillales>Lactobacillaceae>Limosilactobacillus"
"Lactiplantibacillus plantarum"	"S"	1590	0.3924	0.02483	0.006295	NA	0.3924	NA	"cellular&nbsp;organisms>Bacteria>Terrabacteria&nbsp;group>Bacillota>Bacilli>Lactobacillales>Lactobacillaceae>Lactiplantibacillus"
"Latilactobacillus curvatus"	"S"	28038	0.02144	0.02144	NA	NA	0.002468	NA	"cellular&nbsp;organisms>Bacteria>Terrabacteria&nbsp;group>Bacillota>Bacilli>Lactobacillales>Lactobacillaceae>Latilactobacillus"
"Pediococcus acidilactici"	"S"	1254	0.003386	0.003386	NA	NA	NA	NA	"cellular&nbsp;organisms>Bacteria>Terrabacteria&nbsp;group>Bacillota>Bacilli>Lactobacillales>Lactobacillaceae>Pediococcus>Pediococcus&nbsp;acidilactici&nbsp;group"
"Ligilactobacillus saerimneri"	"S"	228229	0.002257	0.002257	NA	NA	NA	NA	"cellular&nbsp;organisms>Bacteria>Terrabacteria&nbsp;group>Bacillota>Bacilli>Lactobacillales>Lactobacillaceae>Ligilactobacillus"
"Ligilactobacillus murinus"	"S"	1622	0.002468	0.001129	0.001574	NA	0.002468	NA	"cellular&nbsp;organisms>Bacteria>Terrabacteria&nbsp;group>Bacillota>Bacilli>Lactobacillales>Lactobacillaceae>Ligilactobacillus"
"Weissella coleopterorum"	"S"	2714949	0.001129	0.001129	NA	NA	NA	NA	"cellular&nbsp;organisms>Bacteria>Terrabacteria&nbsp;group>Bacillota>Bacilli>Lactobacillales>Lactobacillaceae>Weissella"
"Levilactobacillus zymae"	"S"	267363	0.001129	0.001129	NA	NA	NA	NA	"cellular&nbsp;organisms>Bacteria>Terrabacteria&nbsp;group>Bacillota>Bacilli>Lactobacillales>Lactobacillaceae>Levilactobacillus"
"Liquorilactobacillus hordei"	"S"	468911	0.001129	0.001129	NA	NA	NA	NA	"cellular&nbsp;organisms>Bacteria>Terrabacteria&nbsp;group>Bacillota>Bacilli>Lactobacillales>Lactobacillaceae>Liquorilactobacillus"
"Companilactobacillus ginsenosidimutans"	"S"	1007676	0.001129	0.001129	NA	NA	NA	NA	"cellular&nbsp;organisms>Bacteria>Terrabacteria&nbsp;group>Bacillota>Bacilli>Lactobacillales>Lactobacillaceae>Companilactobacillus"
"Schleiferilactobacillus harbinensis"	"S"	304207	0.001129	0.001129	NA	NA	NA	NA	"cellular&nbsp;organisms>Bacteria>Terrabacteria&nbsp;group>Bacillota>Bacilli>Lactobacillales>Lactobacillaceae>Schleiferilactobacillus"
"Secundilactobacillus paracollinoides"	"S"	240427	0.001129	0.001129	NA	NA	NA	NA	"cellular&nbsp;organisms>Bacteria>Terrabacteria&nbsp;group>Bacillota>Bacilli>Lactobacillales>Lactobacillaceae>Secundilactobacillus"
"Lacticaseibacillus paracasei"	"S"	1597	0.4467	0.001129	0.004722	NA	0.4467	NA	"cellular&nbsp;organisms>Bacteria>Terrabacteria&nbsp;group>Bacillota>Bacilli>Lactobacillales>Lactobacillaceae>Lacticaseibacillus"
"Periweissella cryptocerci"	"S"	2506420	0.001129	0.001129	NA	NA	NA	NA	"cellular&nbsp;organisms>Bacteria>Terrabacteria&nbsp;group>Bacillota>Bacilli>Lactobacillales>Lactobacillaceae>Periweissella"
"Streptococcus anginosus"	"S"	1328	0.01924	0.006772	0.004722	0.01924	NA	NA	"cellular&nbsp;organisms>Bacteria>Terrabacteria&nbsp;group>Bacillota>Bacilli>Lactobacillales>Streptococcaceae>Streptococcus>Streptococcus&nbsp;anginosus&nbsp;group"
"Streptococcus pneumoniae"	"S"	1313	0.6975	0.001129	NA	NA	NA	0.6975	"cellular&nbsp;organisms>Bacteria>Terrabacteria&nbsp;group>Bacillota>Bacilli>Lactobacillales>Streptococcaceae>Streptococcus"
"Enterococcus wangshanyuanii"	"S"	2005703	0.002257	0.002257	NA	NA	NA	NA	"cellular&nbsp;organisms>Bacteria>Terrabacteria&nbsp;group>Bacillota>Bacilli>Lactobacillales>Enterococcaceae>Enterococcus"
"Enterococcus faecium"	"S"	1352	0.003207	0.001129	NA	0.003207	NA	0.002114	"cellular&nbsp;organisms>Bacteria>Terrabacteria&nbsp;group>Bacillota>Bacilli>Lactobacillales>Enterococcaceae>Enterococcus"
"Vagococcus lutrae"	"S"	81947	0.001129	0.001129	NA	NA	NA	NA	"cellular&nbsp;organisms>Bacteria>Terrabacteria&nbsp;group>Bacillota>Bacilli>Lactobacillales>Enterococcaceae>Vagococcus"
"Staphylococcus epidermidis"	"S"	1282	1.511	0.002257	0.09128	0.0449	0.01974	1.511	"cellular&nbsp;organisms>Bacteria>Terrabacteria&nbsp;group>Bacillota>Bacilli>Bacillales>Staphylococcaceae>Staphylococcus"
"Staphylococcus lugdunensis"	"S"	28035	0.006341	0.001129	NA	NA	NA	0.006341	"cellular&nbsp;organisms>Bacteria>Terrabacteria&nbsp;group>Bacillota>Bacilli>Bacillales>Staphylococcaceae>Staphylococcus"
"Alicyclobacillus acidoterrestris"	"S"	1450	0.002257	0.002257	NA	NA	NA	NA	"cellular&nbsp;organisms>Bacteria>Terrabacteria&nbsp;group>Bacillota>Bacilli>Bacillales>Alicyclobacillaceae>Alicyclobacillus"
"Gemella sanguinis"	"S"	84135	0.001129	0.001129	NA	NA	NA	NA	"cellular&nbsp;organisms>Bacteria>Terrabacteria&nbsp;group>Bacillota>Bacilli>Bacillales>Bacillales&nbsp;incertae&nbsp;sedis>Bacillales&nbsp;Family&nbsp;XI.&nbsp;Incertae&nbsp;Sedis>Gemella"
"Corynebacterium tuberculostearicum"	"S"	38304	0.4319	0.001129	0.09601	0.006414	0.4319	0.02325	"cellular&nbsp;organisms>Bacteria>Terrabacteria&nbsp;group>Actinomycetota>Actinomycetes>Mycobacteriales>Corynebacteriaceae>Corynebacterium"
"Acinetobacter ursingii"	"S"	108980	0.001129	0.001129	NA	NA	NA	NA	"cellular&nbsp;organisms>Bacteria>Pseudomonadota>Gammaproteobacteria>Moraxellales>Moraxellaceae>Acinetobacter"
"Alteromonas sp. B31-7"	"S"	2785913	0.001129	0.001129	NA	NA	NA	NA	"cellular&nbsp;organisms>Bacteria>Pseudomonadota>Gammaproteobacteria>Alteromonadales>Alteromonadaceae>Alteromonas/Salinimonas&nbsp;group>Alteromonas>unclassified&nbsp;Alteromonas"
"Ralstonia pickettii"	"S"	329	0.1606	0.003386	NA	NA	NA	0.1606	"cellular&nbsp;organisms>Bacteria>Pseudomonadota>Betaproteobacteria>Burkholderiales>Burkholderiaceae>Ralstonia"
"Bradyrhizobium sp. BTAi1"	"S"	288000	0.001129	0.001129	NA	NA	NA	NA	"cellular&nbsp;organisms>Bacteria>Pseudomonadota>Alphaproteobacteria>Hyphomicrobiales>Nitrobacteraceae>Bradyrhizobium>unclassified&nbsp;Bradyrhizobium"
"Prevotella dentalis"	"S"	52227	0.001129	0.001129	NA	NA	NA	NA	"cellular&nbsp;organisms>Bacteria>FCB&nbsp;group>Bacteroidota/Chlorobiota&nbsp;group>Bacteroidota>Bacteroidia>Bacteroidales>Prevotellaceae>Prevotella"
"Prevotella copri"	"S"	165179	0.07397	0.001129	0.07397	0.006414	0.004936	NA	"cellular&nbsp;organisms>Bacteria>FCB&nbsp;group>Bacteroidota/Chlorobiota&nbsp;group>Bacteroidota>Bacteroidia>Bacteroidales>Prevotellaceae>Prevotella"
"Pedobacter roseus"	"S"	336820	0.001129	0.001129	NA	NA	NA	NA	"cellular&nbsp;organisms>Bacteria>FCB&nbsp;group>Bacteroidota/Chlorobiota&nbsp;group>Bacteroidota>Sphingobacteriia>Sphingobacteriales>Sphingobacteriaceae>Pedobacter"
"Leptotrichia hongkongensis"	"S"	554406	0.001129	0.001129	NA	NA	NA	NA	"cellular&nbsp;organisms>Bacteria>Fusobacteriota>Fusobacteriia>Fusobacteriales>Leptotrichiaceae>Leptotrichia"
"Lactobacillus phage Lv-1"	"S"	578234	0.01924	0.005643	0.01416	0.01924	NA	NA	"Viruses>Duplodnaviria>Heunggongvirae>Uroviricota>Caudoviricetes>unclassified&nbsp;Caudoviricetes"
"Lactobacillus phage KC5a"	"S"	363555	0.001129	0.001129	NA	NA	NA	NA	"Viruses>Duplodnaviria>Heunggongvirae>Uroviricota>Caudoviricetes>unclassified&nbsp;Caudoviricetes"
"Lactobacillus sp. PV034"	"S"	2594495	0.02245	NA	0.006295	0.02245	NA	NA	"cellular&nbsp;organisms>Bacteria>Terrabacteria&nbsp;group>Bacillota>Bacilli>Lactobacillales>Lactobacillaceae>Lactobacillus>unclassified&nbsp;Lactobacillus"
"Lactobacillus sp. ESL0677"	"S"	2983208	0.01283	NA	0.006295	0.01283	NA	NA	"cellular&nbsp;organisms>Bacteria>Terrabacteria&nbsp;group>Bacillota>Bacilli>Lactobacillales>Lactobacillaceae>Lactobacillus>unclassified&nbsp;Lactobacillus"
"Lactobacillus sp. JM1"	"S"	2690380	0.009871	NA	0.003148	NA	0.009871	NA	"cellular&nbsp;organisms>Bacteria>Terrabacteria&nbsp;group>Bacillota>Bacilli>Lactobacillales>Lactobacillaceae>Lactobacillus>unclassified&nbsp;Lactobacillus"
"Lactobacillus intestinalis"	"S"	151781	0.01924	NA	0.009443	0.01924	NA	NA	"cellular&nbsp;organisms>Bacteria>Terrabacteria&nbsp;group>Bacillota>Bacilli>Lactobacillales>Lactobacillaceae>Lactobacillus"
"Ligilactobacillus salivarius"	"S"	1624	0.01604	NA	0.007869	0.01604	0.004936	NA	"cellular&nbsp;organisms>Bacteria>Terrabacteria&nbsp;group>Bacillota>Bacilli>Lactobacillales>Lactobacillaceae>Ligilactobacillus"
"Aerococcus christensenii"	"S"	87541	0.05981	NA	0.05981	0.03528	NA	NA	"cellular&nbsp;organisms>Bacteria>Terrabacteria&nbsp;group>Bacillota>Bacilli>Lactobacillales>Aerococcaceae>Aerococcus"
"Enterococcus faecalis"	"S"	1351	0.03593	NA	0.02361	0.003207	0.004936	0.03593	"cellular&nbsp;organisms>Bacteria>Terrabacteria&nbsp;group>Bacillota>Bacilli>Lactobacillales>Enterococcaceae>Enterococcus"
"Streptococcus agalactiae"	"S"	1311	0.2367	NA	0.004722	0.003207	0.002468	0.2367	"cellular&nbsp;organisms>Bacteria>Terrabacteria&nbsp;group>Bacillota>Bacilli>Lactobacillales>Streptococcaceae>Streptococcus"
"Streptococcus milleri"	"S"	33040	0.003148	NA	0.003148	NA	NA	NA	"cellular&nbsp;organisms>Bacteria>Terrabacteria&nbsp;group>Bacillota>Bacilli>Lactobacillales>Streptococcaceae>Streptococcus"
"Streptococcus parasuis"	"S"	1501662	0.002114	NA	0.001574	NA	NA	0.002114	"cellular&nbsp;organisms>Bacteria>Terrabacteria&nbsp;group>Bacillota>Bacilli>Lactobacillales>Streptococcaceae>Streptococcus"
"Streptococcus mitis"	"S"	28037	2.101	NA	0.001574	0.006414	NA	2.101	"cellular&nbsp;organisms>Bacteria>Terrabacteria&nbsp;group>Bacillota>Bacilli>Lactobacillales>Streptococcaceae>Streptococcus"
"Lactococcus lactis"	"S"	1358	0.01924	NA	0.007869	0.01924	NA	NA	"cellular&nbsp;organisms>Bacteria>Terrabacteria&nbsp;group>Bacillota>Bacilli>Lactobacillales>Streptococcaceae>Lactococcus"
"Staphylococcus hominis"	"S"	1290	0.1564	NA	0.02046	NA	NA	0.1564	"cellular&nbsp;organisms>Bacteria>Terrabacteria&nbsp;group>Bacillota>Bacilli>Bacillales>Staphylococcaceae>Staphylococcus"
"Staphylococcus haemolyticus"	"S"	1283	0.02325	NA	0.01731	NA	0.01481	0.02325	"cellular&nbsp;organisms>Bacteria>Terrabacteria&nbsp;group>Bacillota>Bacilli>Bacillales>Staphylococcaceae>Staphylococcus"
"Staphylococcus carnosus"	"S"	1281	0.001574	NA	0.001574	NA	NA	NA	"cellular&nbsp;organisms>Bacteria>Terrabacteria&nbsp;group>Bacillota>Bacilli>Bacillales>Staphylococcaceae>Staphylococcus"
"Staphylococcus gallinarum"	"S"	1293	0.003207	NA	0.001574	0.003207	NA	NA	"cellular&nbsp;organisms>Bacteria>Terrabacteria&nbsp;group>Bacillota>Bacilli>Bacillales>Staphylococcaceae>Staphylococcus"
"Bacillus mycoides"	"S"	1405	0.004722	NA	0.004722	0.003207	NA	NA	"cellular&nbsp;organisms>Bacteria>Terrabacteria&nbsp;group>Bacillota>Bacilli>Bacillales>Bacillaceae>Bacillus>Bacillus&nbsp;cereus&nbsp;group"
"Bacillus gobiensis"	"S"	1441095	0.01283	NA	0.001574	0.01283	NA	NA	"cellular&nbsp;organisms>Bacteria>Terrabacteria&nbsp;group>Bacillota>Bacilli>Bacillales>Bacillaceae>Bacillus"
"Anoxybacillus ayderensis"	"S"	265546	0.001574	NA	0.001574	NA	NA	NA	"cellular&nbsp;organisms>Bacteria>Terrabacteria&nbsp;group>Bacillota>Bacilli>Bacillales>Bacillaceae>Anoxybacillus"
"Allobacillus halotolerans"	"S"	570278	0.001574	NA	0.001574	NA	NA	NA	"cellular&nbsp;organisms>Bacteria>Terrabacteria&nbsp;group>Bacillota>Bacilli>Bacillales>Bacillaceae>Allobacillus"
"Oceanobacillus zhaokaii"	"S"	2052660	0.001574	NA	0.001574	NA	NA	NA	"cellular&nbsp;organisms>Bacteria>Terrabacteria&nbsp;group>Bacillota>Bacilli>Bacillales>Bacillaceae>Oceanobacillus"
"Planococcus sp. MB-3u-03"	"S"	2058136	0.001574	NA	0.001574	NA	NA	NA	"cellular&nbsp;organisms>Bacteria>Terrabacteria&nbsp;group>Bacillota>Bacilli>Bacillales>Planococcaceae>Planococcus>unclassified&nbsp;Planococcus&nbsp;(in:&nbsp;firmicutes)"
"Ureibacillus thermophilus"	"S"	367743	0.001574	NA	0.001574	NA	NA	NA	"cellular&nbsp;organisms>Bacteria>Terrabacteria&nbsp;group>Bacillota>Bacilli>Bacillales>Planococcaceae>Ureibacillus"
"Gemella haemolysans"	"S"	1379	0.002114	NA	0.001574	NA	NA	0.002114	"cellular&nbsp;organisms>Bacteria>Terrabacteria&nbsp;group>Bacillota>Bacilli>Bacillales>Bacillales&nbsp;incertae&nbsp;sedis>Bacillales&nbsp;Family&nbsp;XI.&nbsp;Incertae&nbsp;Sedis>Gemella"
"Mageeibacillus indolicus"	"S"	884684	0.03528	NA	0.03148	0.03528	NA	NA	"cellular&nbsp;organisms>Bacteria>Terrabacteria&nbsp;group>Bacillota>Clostridia>Eubacteriales>Oscillospiraceae>Mageeibacillus"
"Anaerobutyricum hallii"	"S"	39488	0.004722	NA	0.004722	NA	NA	NA	"cellular&nbsp;organisms>Bacteria>Terrabacteria&nbsp;group>Bacillota>Clostridia>Eubacteriales>Lachnospiraceae>Anaerobutyricum"
"Dorea longicatena"	"S"	88431	0.001574	NA	0.001574	NA	NA	NA	"cellular&nbsp;organisms>Bacteria>Terrabacteria&nbsp;group>Bacillota>Clostridia>Eubacteriales>Lachnospiraceae>Dorea"
"Blautia wexlerae"	"S"	418240	0.001574	NA	0.001574	NA	NA	NA	"cellular&nbsp;organisms>Bacteria>Terrabacteria&nbsp;group>Bacillota>Clostridia>Eubacteriales>Lachnospiraceae>Blautia"
"Butyrivibrio hungatei"	"S"	185008	0.001574	NA	0.001574	NA	NA	NA	"cellular&nbsp;organisms>Bacteria>Terrabacteria&nbsp;group>Bacillota>Clostridia>Eubacteriales>Lachnospiraceae>Butyrivibrio"
"Clostridioides difficile"	"S"	1496	0.004722	NA	0.004722	NA	0.002468	NA	"cellular&nbsp;organisms>Bacteria>Terrabacteria&nbsp;group>Bacillota>Clostridia>Eubacteriales>Peptostreptococcaceae>Clostridioides"
"Clostridium perfringens"	"S"	1502	0.003148	NA	0.003148	NA	NA	NA	"cellular&nbsp;organisms>Bacteria>Terrabacteria&nbsp;group>Bacillota>Clostridia>Eubacteriales>Clostridiaceae>Clostridium"
"Tannockella kyphosi"	"S"	2899121	0.007869	NA	0.007869	0.006414	NA	NA	"cellular&nbsp;organisms>Bacteria>Terrabacteria&nbsp;group>Bacillota>Erysipelotrichia>Erysipelotrichales>Erysipelotrichaceae>Tannockella"
"Allobaculum mucilyticum"	"S"	2834459	0.004722	NA	0.004722	NA	NA	NA	"cellular&nbsp;organisms>Bacteria>Terrabacteria&nbsp;group>Bacillota>Erysipelotrichia>Erysipelotrichales>Erysipelotrichaceae>Allobaculum"
"Catenibacterium mitsuokai"	"S"	100886	0.001574	NA	0.001574	NA	NA	NA	"cellular&nbsp;organisms>Bacteria>Terrabacteria&nbsp;group>Bacillota>Erysipelotrichia>Erysipelotrichales>Coprobacillaceae>Catenibacterium"
"Finegoldia magna"	"S"	1260	0.03208	NA	0.007869	0.009621	0.03208	0.004227	"cellular&nbsp;organisms>Bacteria>Terrabacteria&nbsp;group>Bacillota>Tissierellia>Tissierellales>Peptoniphilaceae>Finegoldia"
"Anaerococcus prevotii"	"S"	33034	0.006414	NA	0.003148	0.006414	0.002468	NA	"cellular&nbsp;organisms>Bacteria>Terrabacteria&nbsp;group>Bacillota>Tissierellia>Tissierellales>Peptoniphilaceae>Anaerococcus"
"Peptoniphilus sp. SAHP1"	"S"	2948573	0.01234	NA	0.001574	0.003207	0.01234	NA	"cellular&nbsp;organisms>Bacteria>Terrabacteria&nbsp;group>Bacillota>Tissierellia>Tissierellales>Peptoniphilaceae>Peptoniphilus>unclassified&nbsp;Peptoniphilus"
"Veillonella atypica"	"S"	39777	0.009443	NA	0.009443	NA	NA	NA	"cellular&nbsp;organisms>Bacteria>Terrabacteria&nbsp;group>Bacillota>Negativicutes>Veillonellales>Veillonellaceae>Veillonella"
"Corynebacterium jeikeium"	"S"	38289	0.06138	NA	0.06138	0.03207	NA	NA	"cellular&nbsp;organisms>Bacteria>Terrabacteria&nbsp;group>Actinomycetota>Actinomycetes>Mycobacteriales>Corynebacteriaceae>Corynebacterium"
"Corynebacterium aurimucosum"	"S"	169292	0.01889	NA	0.01889	0.003207	NA	NA	"cellular&nbsp;organisms>Bacteria>Terrabacteria&nbsp;group>Actinomycetota>Actinomycetes>Mycobacteriales>Corynebacteriaceae>Corynebacterium"
"Corynebacterium amycolatum"	"S"	43765	0.01731	NA	0.01731	0.006414	NA	NA	"cellular&nbsp;organisms>Bacteria>Terrabacteria&nbsp;group>Actinomycetota>Actinomycetes>Mycobacteriales>Corynebacteriaceae>Corynebacterium"
"Corynebacterium kefirresidentii"	"S"	1979527	0.02325	NA	0.006295	NA	0.009871	0.02325	"cellular&nbsp;organisms>Bacteria>Terrabacteria&nbsp;group>Actinomycetota>Actinomycetes>Mycobacteriales>Corynebacteriaceae>Corynebacterium"
"Corynebacterium simulans"	"S"	146827	0.01481	NA	0.006295	NA	0.01481	NA	"cellular&nbsp;organisms>Bacteria>Terrabacteria&nbsp;group>Actinomycetota>Actinomycetes>Mycobacteriales>Corynebacteriaceae>Corynebacterium"
"Corynebacterium matruchotii"	"S"	43768	0.001574	NA	0.001574	NA	NA	NA	"cellular&nbsp;organisms>Bacteria>Terrabacteria&nbsp;group>Actinomycetota>Actinomycetes>Mycobacteriales>Corynebacteriaceae>Corynebacterium"
"Corynebacterium kroppenstedtii"	"S"	161879	0.004227	NA	0.001574	NA	NA	0.004227	"cellular&nbsp;organisms>Bacteria>Terrabacteria&nbsp;group>Actinomycetota>Actinomycetes>Mycobacteriales>Corynebacteriaceae>Corynebacterium"
"Corynebacterium minutissimum"	"S"	38301	0.003207	NA	0.001574	0.003207	NA	NA	"cellular&nbsp;organisms>Bacteria>Terrabacteria&nbsp;group>Actinomycetota>Actinomycetes>Mycobacteriales>Corynebacteriaceae>Corynebacterium"
"Corynebacterium macginleyi"	"S"	38290	0.002114	NA	0.001574	NA	NA	0.002114	"cellular&nbsp;organisms>Bacteria>Terrabacteria&nbsp;group>Actinomycetota>Actinomycetes>Mycobacteriales>Corynebacteriaceae>Corynebacterium"
"Corynebacterium accolens"	"S"	38284	0.001574	NA	0.001574	NA	NA	NA	"cellular&nbsp;organisms>Bacteria>Terrabacteria&nbsp;group>Actinomycetota>Actinomycetes>Mycobacteriales>Corynebacteriaceae>Corynebacterium"
"Corynebacterium sp. FDAARGOS 1242"	"S"	2778078	0.002468	NA	0.001574	NA	0.002468	NA	"cellular&nbsp;organisms>Bacteria>Terrabacteria&nbsp;group>Actinomycetota>Actinomycetes>Mycobacteriales>Corynebacteriaceae>Corynebacterium>unclassified&nbsp;Corynebacterium"
"Corynebacterium glaucum"	"S"	187491	0.002468	NA	0.001574	NA	0.002468	NA	"cellular&nbsp;organisms>Bacteria>Terrabacteria&nbsp;group>Actinomycetota>Actinomycetes>Mycobacteriales>Corynebacteriaceae>Corynebacterium"
"Corynebacterium sphenisci"	"S"	191493	0.001574	NA	0.001574	NA	NA	NA	"cellular&nbsp;organisms>Bacteria>Terrabacteria&nbsp;group>Actinomycetota>Actinomycetes>Mycobacteriales>Corynebacteriaceae>Corynebacterium"
"Corynebacterium deserti"	"S"	1408191	0.001574	NA	0.001574	NA	NA	NA	"cellular&nbsp;organisms>Bacteria>Terrabacteria&nbsp;group>Actinomycetota>Actinomycetes>Mycobacteriales>Corynebacteriaceae>Corynebacterium"
"Corynebacterium maris"	"S"	575200	0.001574	NA	0.001574	NA	NA	NA	"cellular&nbsp;organisms>Bacteria>Terrabacteria&nbsp;group>Actinomycetota>Actinomycetes>Mycobacteriales>Corynebacteriaceae>Corynebacterium"
"Lawsonella clevelandensis"	"S"	1528099	0.01259	NA	0.01259	NA	0.007403	NA	"cellular&nbsp;organisms>Bacteria>Terrabacteria&nbsp;group>Actinomycetota>Actinomycetes>Mycobacteriales>Lawsonellaceae>Lawsonella"
"Mycolicibacterium doricum"	"S"	126673	0.001574	NA	0.001574	NA	NA	NA	"cellular&nbsp;organisms>Bacteria>Terrabacteria&nbsp;group>Actinomycetota>Actinomycetes>Mycobacteriales>Mycobacteriaceae>Mycolicibacterium"
"Mycobacterium sp. Aquia_216"	"S"	2991729	0.001574	NA	0.001574	NA	NA	NA	"cellular&nbsp;organisms>Bacteria>Terrabacteria&nbsp;group>Actinomycetota>Actinomycetes>Mycobacteriales>Mycobacteriaceae>Mycobacterium>unclassified&nbsp;Mycobacterium"
"Gardnerella vaginalis"	"S"	2702	0.07821	NA	0.03305	0.03848	NA	0.07821	"cellular&nbsp;organisms>Bacteria>Terrabacteria&nbsp;group>Actinomycetota>Actinomycetes>Bifidobacteriales>Bifidobacteriaceae>Gardnerella"
"Gardnerella leopoldii"	"S"	2792978	0.01924	NA	0.01731	0.01924	NA	NA	"cellular&nbsp;organisms>Bacteria>Terrabacteria&nbsp;group>Actinomycetota>Actinomycetes>Bifidobacteriales>Bifidobacteriaceae>Gardnerella"
"Gardnerella swidsinskii"	"S"	2792979	0.009621	NA	0.001574	0.009621	NA	NA	"cellular&nbsp;organisms>Bacteria>Terrabacteria&nbsp;group>Actinomycetota>Actinomycetes>Bifidobacteriales>Bifidobacteriaceae>Gardnerella"
"Bifidobacterium breve"	"S"	1685	92.93	NA	0.02518	NA	NA	92.93	"cellular&nbsp;organisms>Bacteria>Terrabacteria&nbsp;group>Actinomycetota>Actinomycetes>Bifidobacteriales>Bifidobacteriaceae>Bifidobacterium"
"Bifidobacterium adolescentis"	"S"	1680	0.01574	NA	0.01574	NA	NA	0.01268	"cellular&nbsp;organisms>Bacteria>Terrabacteria&nbsp;group>Actinomycetota>Actinomycetes>Bifidobacteriales>Bifidobacteriaceae>Bifidobacterium"
"Bifidobacterium bifidum"	"S"	1681	0.01268	NA	0.004722	0.003207	0.01234	0.01268	"cellular&nbsp;organisms>Bacteria>Terrabacteria&nbsp;group>Actinomycetota>Actinomycetes>Bifidobacteriales>Bifidobacteriaceae>Bifidobacterium"
"Bifidobacterium dentium"	"S"	1689	0.03702	NA	0.001574	NA	0.03702	0.01268	"cellular&nbsp;organisms>Bacteria>Terrabacteria&nbsp;group>Actinomycetota>Actinomycetes>Bifidobacteriales>Bifidobacteriaceae>Bifidobacterium"
"Micrococcus luteus"	"S"	1270	0.009443	NA	0.009443	0.006414	NA	NA	"cellular&nbsp;organisms>Bacteria>Terrabacteria&nbsp;group>Actinomycetota>Actinomycetes>Micrococcales>Micrococcaceae>Micrococcus"
"Micrococcus sp. A1"	"S"	404583	0.001574	NA	0.001574	NA	NA	NA	"cellular&nbsp;organisms>Bacteria>Terrabacteria&nbsp;group>Actinomycetota>Actinomycetes>Micrococcales>Micrococcaceae>Micrococcus>unclassified&nbsp;Micrococcus"
"Kocuria rhizophila"	"S"	72000	0.004722	NA	0.004722	NA	NA	NA	"cellular&nbsp;organisms>Bacteria>Terrabacteria&nbsp;group>Actinomycetota>Actinomycetes>Micrococcales>Micrococcaceae>Kocuria"
"Dermabacter jinjuensis"	"S"	1667168	0.007869	NA	0.007869	NA	NA	NA	"cellular&nbsp;organisms>Bacteria>Terrabacteria&nbsp;group>Actinomycetota>Actinomycetes>Micrococcales>Dermabacteraceae>Dermabacter"
"Leucobacter coleopterorum"	"S"	2714933	0.001574	NA	0.001574	NA	NA	NA	"cellular&nbsp;organisms>Bacteria>Terrabacteria&nbsp;group>Actinomycetota>Actinomycetes>Micrococcales>Microbacteriaceae>Leucobacter"
"Cutibacterium acnes"	"S"	1747	0.02245	NA	0.01416	0.02245	0.01727	0.002114	"cellular&nbsp;organisms>Bacteria>Terrabacteria&nbsp;group>Actinomycetota>Actinomycetes>Propionibacteriales>Propionibacteriaceae>Cutibacterium"
"Cutibacterium avidum"	"S"	33010	0.01604	NA	0.01259	0.01604	0.01234	NA	"cellular&nbsp;organisms>Bacteria>Terrabacteria&nbsp;group>Actinomycetota>Actinomycetes>Propionibacteriales>Propionibacteriaceae>Cutibacterium"
"Mobiluncus curtisii"	"S"	2051	0.003148	NA	0.003148	NA	NA	NA	"cellular&nbsp;organisms>Bacteria>Terrabacteria&nbsp;group>Actinomycetota>Actinomycetes>Actinomycetales>Actinomycetaceae>Mobiluncus"
"Mobiluncus sp. Marseille-Q7826"	"S"	3036302	0.003148	NA	0.003148	NA	NA	NA	"cellular&nbsp;organisms>Bacteria>Terrabacteria&nbsp;group>Actinomycetota>Actinomycetes>Actinomycetales>Actinomycetaceae>Mobiluncus>unclassified&nbsp;Mobiluncus"
"Winkia neuii"	"S"	33007	0.03455	NA	0.006295	NA	0.03455	NA	"cellular&nbsp;organisms>Bacteria>Terrabacteria&nbsp;group>Actinomycetota>Actinomycetes>Actinomycetales>Actinomycetaceae>Winkia"
"Fannyhessea vaginae"	"S"	82135	0.0148	NA	0.001574	NA	NA	0.0148	"cellular&nbsp;organisms>Bacteria>Terrabacteria&nbsp;group>Actinomycetota>Actinomycetes>Actinomycetales>Actinomycetaceae>Fannyhessea"
"Collinsella aerofaciens"	"S"	74426	0.01731	NA	0.01731	NA	NA	NA	"cellular&nbsp;organisms>Bacteria>Terrabacteria&nbsp;group>Actinomycetota>Coriobacteriia>Coriobacteriales>Coriobacteriaceae>Collinsella"
"Mycoplasma sp. Mirounga ES2805-ORL"	"S"	754514	0.003207	NA	0.003148	0.003207	NA	NA	"cellular&nbsp;organisms>Bacteria>Terrabacteria&nbsp;group>Mycoplasmatota>Mollicutes>Mycoplasmatales>Mycoplasmataceae>Mycoplasma>unclassified&nbsp;Mycoplasma"
"Dehalococcoides mccartyi"	"S"	61435	0.001574	NA	0.001574	NA	NA	NA	"cellular&nbsp;organisms>Bacteria>Terrabacteria&nbsp;group>Chloroflexota>Dehalococcoidia>Dehalococcoidales>Dehalococcoidaceae>Dehalococcoides"
"Synechococcus sp. A15-44"	"S"	1050646	0.006414	NA	0.001574	0.006414	NA	NA	"cellular&nbsp;organisms>Bacteria>Terrabacteria&nbsp;group>Cyanobacteriota/Melainabacteria&nbsp;group>Cyanobacteriota>Cyanophyceae>Synechococcales>Synechococcaceae>Synechococcus>unclassified&nbsp;Synechococcus"
"Bradyrhizobium sp. CCBAU 53421"	"S"	1325120	0.009443	NA	0.009443	NA	NA	NA	"cellular&nbsp;organisms>Bacteria>Pseudomonadota>Alphaproteobacteria>Hyphomicrobiales>Nitrobacteraceae>Bradyrhizobium>unclassified&nbsp;Bradyrhizobium"
"Bradyrhizobium sp. SK17"	"S"	2057741	0.009443	NA	0.009443	0.003207	NA	NA	"cellular&nbsp;organisms>Bacteria>Pseudomonadota>Alphaproteobacteria>Hyphomicrobiales>Nitrobacteraceae>Bradyrhizobium>unclassified&nbsp;Bradyrhizobium"
"Bradyrhizobium sp. 41S5"	"S"	1404443	0.003148	NA	0.003148	NA	NA	NA	"cellular&nbsp;organisms>Bacteria>Pseudomonadota>Alphaproteobacteria>Hyphomicrobiales>Nitrobacteraceae>Bradyrhizobium>unclassified&nbsp;Bradyrhizobium"
"Bradyrhizobium sp. 200"	"S"	2782665	0.001574	NA	0.001574	NA	NA	NA	"cellular&nbsp;organisms>Bacteria>Pseudomonadota>Alphaproteobacteria>Hyphomicrobiales>Nitrobacteraceae>Bradyrhizobium>unclassified&nbsp;Bradyrhizobium"
"Bradyrhizobium sp. A19"	"S"	2898149	0.001574	NA	0.001574	NA	NA	NA	"cellular&nbsp;organisms>Bacteria>Pseudomonadota>Alphaproteobacteria>Hyphomicrobiales>Nitrobacteraceae>Bradyrhizobium>unclassified&nbsp;Bradyrhizobium"
"Bradyrhizobium quebecense"	"S"	2748629	0.004722	NA	0.004722	NA	NA	NA	"cellular&nbsp;organisms>Bacteria>Pseudomonadota>Alphaproteobacteria>Hyphomicrobiales>Nitrobacteraceae>Bradyrhizobium"
"Bradyrhizobium sediminis"	"S"	2840469	0.001574	NA	0.001574	NA	NA	NA	"cellular&nbsp;organisms>Bacteria>Pseudomonadota>Alphaproteobacteria>Hyphomicrobiales>Nitrobacteraceae>Bradyrhizobium"
"Bradyrhizobium japonicum"	"S"	375	0.001574	NA	0.001574	NA	NA	NA	"cellular&nbsp;organisms>Bacteria>Pseudomonadota>Alphaproteobacteria>Hyphomicrobiales>Nitrobacteraceae>Bradyrhizobium"
"Bradyrhizobium genosp. L"	"S"	83637	0.001574	NA	0.001574	NA	NA	NA	"cellular&nbsp;organisms>Bacteria>Pseudomonadota>Alphaproteobacteria>Hyphomicrobiales>Nitrobacteraceae>Bradyrhizobium"
"Bradyrhizobium erythrophlei"	"S"	1437360	0.001574	NA	0.001574	NA	NA	NA	"cellular&nbsp;organisms>Bacteria>Pseudomonadota>Alphaproteobacteria>Hyphomicrobiales>Nitrobacteraceae>Bradyrhizobium"
"Mesorhizobium sp. M6A.T.Cr.TU.016.01.1.1"	"S"	2493677	0.004722	NA	0.004722	NA	NA	NA	"cellular&nbsp;organisms>Bacteria>Pseudomonadota>Alphaproteobacteria>Hyphomicrobiales>Phyllobacteriaceae>Mesorhizobium>unclassified&nbsp;Mesorhizobium"
"Bartonella krasnovii"	"S"	2267275	0.004936	NA	0.001574	NA	0.004936	NA	"cellular&nbsp;organisms>Bacteria>Pseudomonadota>Alphaproteobacteria>Hyphomicrobiales>Bartonellaceae>Bartonella"
"Roseomonas mucosa"	"S"	207340	0.009443	NA	0.009443	0.006414	NA	NA	"cellular&nbsp;organisms>Bacteria>Pseudomonadota>Alphaproteobacteria>Rhodospirillales>Acetobacteraceae>Roseomonas"
"Roseomonas gilardii"	"S"	257708	0.003207	NA	0.001574	0.003207	NA	NA	"cellular&nbsp;organisms>Bacteria>Pseudomonadota>Alphaproteobacteria>Rhodospirillales>Acetobacteraceae>Roseomonas"
"Candidatus Pelagibacter giovannonii"	"S"	2563896	0.001574	NA	0.001574	NA	NA	NA	"cellular&nbsp;organisms>Bacteria>Pseudomonadota>Alphaproteobacteria>Candidatus&nbsp;Pelagibacterales>Pelagibacteraceae>Candidatus&nbsp;Pelagibacter"
"Salipiger sp. CCB-MM3"	"S"	1792508	0.001574	NA	0.001574	NA	NA	NA	"cellular&nbsp;organisms>Bacteria>Pseudomonadota>Alphaproteobacteria>Rhodobacterales>Roseobacteraceae>Salipiger>unclassified&nbsp;Salipiger"
"Sphingomonas paucimobilis"	"S"	13689	0.004936	NA	0.001574	NA	0.004936	NA	"cellular&nbsp;organisms>Bacteria>Pseudomonadota>Alphaproteobacteria>Sphingomonadales>Sphingomonadaceae>Sphingomonas"
"Klebsiella pneumoniae"	"S"	573	0.4169	NA	0.001574	0.4169	NA	NA	"cellular&nbsp;organisms>Bacteria>Pseudomonadota>Gammaproteobacteria>Enterobacterales>Enterobacteriaceae>Klebsiella/Raoultella&nbsp;group>Klebsiella"
"Pectobacterium carotovorum"	"S"	554	0.001574	NA	0.001574	NA	NA	NA	"cellular&nbsp;organisms>Bacteria>Pseudomonadota>Gammaproteobacteria>Enterobacterales>Pectobacteriaceae>Pectobacterium"
"Vibrio rotiferianus"	"S"	190895	0.003207	NA	0.003148	0.003207	NA	NA	"cellular&nbsp;organisms>Bacteria>Pseudomonadota>Gammaproteobacteria>Vibrionales>Vibrionaceae>Vibrio>Vibrio&nbsp;harveyi&nbsp;group"
"Pseudomonas viridiflava"	"S"	33069	0.001574	NA	0.001574	NA	NA	NA	"cellular&nbsp;organisms>Bacteria>Pseudomonadota>Gammaproteobacteria>Pseudomonadales>Pseudomonadaceae>Pseudomonas>Pseudomonas&nbsp;syringae&nbsp;group"
"Acidovorax temperans"	"S"	80878	0.003148	NA	0.003148	NA	NA	NA	"cellular&nbsp;organisms>Bacteria>Pseudomonadota>Betaproteobacteria>Burkholderiales>Comamonadaceae>Acidovorax"
"Diaphorobacter sp. JS3050"	"S"	2735554	0.001574	NA	0.001574	NA	NA	NA	"cellular&nbsp;organisms>Bacteria>Pseudomonadota>Betaproteobacteria>Burkholderiales>Comamonadaceae>Diaphorobacter>unclassified&nbsp;Diaphorobacter"
"Sulfuriferula plumbiphila"	"S"	171865	0.001574	NA	0.001574	NA	NA	NA	"cellular&nbsp;organisms>Bacteria>Pseudomonadota>Betaproteobacteria>Nitrosomonadales>Sulfuricellaceae>Sulfuriferula"
"Neisseria dentiae"	"S"	194197	0.001574	NA	0.001574	NA	NA	NA	"cellular&nbsp;organisms>Bacteria>Pseudomonadota>Betaproteobacteria>Neisseriales>Neisseriaceae>Neisseria"
"Prevotella corporis"	"S"	28128	0.03208	NA	0.003148	NA	0.03208	NA	"cellular&nbsp;organisms>Bacteria>FCB&nbsp;group>Bacteroidota/Chlorobiota&nbsp;group>Bacteroidota>Bacteroidia>Bacteroidales>Prevotellaceae>Prevotella"
"Prevotella jejuni"	"S"	1177574	0.02715	NA	0.003148	NA	0.02715	NA	"cellular&nbsp;organisms>Bacteria>FCB&nbsp;group>Bacteroidota/Chlorobiota&nbsp;group>Bacteroidota>Bacteroidia>Bacteroidales>Prevotellaceae>Prevotella"
"Prevotella melaninogenica"	"S"	28132	0.02961	NA	0.001574	NA	0.02961	0.002114	"cellular&nbsp;organisms>Bacteria>FCB&nbsp;group>Bacteroidota/Chlorobiota&nbsp;group>Bacteroidota>Bacteroidia>Bacteroidales>Prevotellaceae>Prevotella"
"Hoylesella buccalis"	"S"	28127	0.06169	NA	0.001574	0.003207	0.06169	0.002114	"cellular&nbsp;organisms>Bacteria>FCB&nbsp;group>Bacteroidota/Chlorobiota&nbsp;group>Bacteroidota>Bacteroidia>Bacteroidales>Prevotellaceae>Hoylesella"
"Bacteroides thetaiotaomicron"	"S"	818	0.003207	NA	0.003148	0.003207	NA	NA	"cellular&nbsp;organisms>Bacteria>FCB&nbsp;group>Bacteroidota/Chlorobiota&nbsp;group>Bacteroidota>Bacteroidia>Bacteroidales>Bacteroidaceae>Bacteroides"
"Bacteroides luhongzhouii"	"S"	2650158	0.001574	NA	0.001574	NA	NA	NA	"cellular&nbsp;organisms>Bacteria>FCB&nbsp;group>Bacteroidota/Chlorobiota&nbsp;group>Bacteroidota>Bacteroidia>Bacteroidales>Bacteroidaceae>Bacteroides"
"Bacteroides stercoris"	"S"	46506	0.003207	NA	0.001574	0.003207	NA	NA	"cellular&nbsp;organisms>Bacteria>FCB&nbsp;group>Bacteroidota/Chlorobiota&nbsp;group>Bacteroidota>Bacteroidia>Bacteroidales>Bacteroidaceae>Bacteroides"
"Bacteroides helcogenes"	"S"	290053	0.001574	NA	0.001574	NA	NA	NA	"cellular&nbsp;organisms>Bacteria>FCB&nbsp;group>Bacteroidota/Chlorobiota&nbsp;group>Bacteroidota>Bacteroidia>Bacteroidales>Bacteroidaceae>Bacteroides"
"Phocaeicola coprophilus"	"S"	387090	0.003148	NA	0.003148	NA	NA	NA	"cellular&nbsp;organisms>Bacteria>FCB&nbsp;group>Bacteroidota/Chlorobiota&nbsp;group>Bacteroidota>Bacteroidia>Bacteroidales>Bacteroidaceae>Phocaeicola"
"Phocaeicola vulgatus"	"S"	821	0.001574	NA	0.001574	NA	NA	NA	"cellular&nbsp;organisms>Bacteria>FCB&nbsp;group>Bacteroidota/Chlorobiota&nbsp;group>Bacteroidota>Bacteroidia>Bacteroidales>Bacteroidaceae>Phocaeicola"
"Phocaeicola dorei"	"S"	357276	0.009621	NA	0.001574	0.009621	NA	NA	"cellular&nbsp;organisms>Bacteria>FCB&nbsp;group>Bacteroidota/Chlorobiota&nbsp;group>Bacteroidota>Bacteroidia>Bacteroidales>Bacteroidaceae>Phocaeicola"
"Flavobacterium sp. B183"	"S"	907046	0.001574	NA	0.001574	NA	NA	NA	"cellular&nbsp;organisms>Bacteria>FCB&nbsp;group>Bacteroidota/Chlorobiota&nbsp;group>Bacteroidota>Flavobacteriia>Flavobacteriales>Flavobacteriaceae>Flavobacterium>unclassified&nbsp;Flavobacterium"
"Maribacter sp. HTCC2170"	"S"	313603	0.001574	NA	0.001574	NA	NA	NA	"cellular&nbsp;organisms>Bacteria>FCB&nbsp;group>Bacteroidota/Chlorobiota&nbsp;group>Bacteroidota>Flavobacteriia>Flavobacteriales>Flavobacteriaceae>Maribacter>unclassified&nbsp;Maribacter"
"Chryseobacterium oryzae"	"S"	2929799	0.001574	NA	0.001574	NA	NA	NA	"cellular&nbsp;organisms>Bacteria>FCB&nbsp;group>Bacteroidota/Chlorobiota&nbsp;group>Bacteroidota>Flavobacteriia>Flavobacteriales>Weeksellaceae>Chryseobacterium&nbsp;group>Chryseobacterium"
"Chryseobacterium cucumeris"	"S"	1813611	0.001574	NA	0.001574	NA	NA	NA	"cellular&nbsp;organisms>Bacteria>FCB&nbsp;group>Bacteroidota/Chlorobiota&nbsp;group>Bacteroidota>Flavobacteriia>Flavobacteriales>Weeksellaceae>Chryseobacterium&nbsp;group>Chryseobacterium"
"Blattabacterium cuenoti"	"S"	1653831	0.001574	NA	0.001574	NA	NA	NA	"cellular&nbsp;organisms>Bacteria>FCB&nbsp;group>Bacteroidota/Chlorobiota&nbsp;group>Bacteroidota>Flavobacteriia>Flavobacteriales>Blattabacteriaceae>Blattabacterium"
"Pedobacter heparinus"	"S"	984	0.001574	NA	0.001574	NA	NA	NA	"cellular&nbsp;organisms>Bacteria>FCB&nbsp;group>Bacteroidota/Chlorobiota&nbsp;group>Bacteroidota>Sphingobacteriia>Sphingobacteriales>Sphingobacteriaceae>Pedobacter"
"Sulfurimonas marina"	"S"	2590551	0.001574	NA	0.001574	NA	NA	NA	"cellular&nbsp;organisms>Bacteria>Campylobacterota>Epsilonproteobacteria>Campylobacterales>Sulfurimonadaceae>Sulfurimonas"
"Fusobacterium polymorphum"	"S"	76857	0.001574	NA	0.001574	NA	NA	NA	"cellular&nbsp;organisms>Bacteria>Fusobacteriota>Fusobacteriia>Fusobacteriales>Fusobacteriaceae>Fusobacterium"
"Natronomonas halophila"	"S"	2747817	0.001574	NA	0.001574	NA	NA	NA	"cellular&nbsp;organisms>Archaea>Euryarchaeota>Stenosarchaea&nbsp;group>Halobacteria>Halobacteriales>Haloarculaceae>Natronomonas"
"Pahexavirus ATCC29399BT"	"S"	1982253	0.003148	NA	0.003148	NA	NA	NA	"Viruses>Duplodnaviria>Heunggongvirae>Uroviricota>Caudoviricetes>Pahexavirus"
"Pahexavirus pacnes201215"	"S"	1982270	0.001574	NA	0.001574	NA	NA	NA	"Viruses>Duplodnaviria>Heunggongvirae>Uroviricota>Caudoviricetes>Pahexavirus"
"Pahexavirus kubed"	"S"	1982256	0.001574	NA	0.001574	NA	NA	NA	"Viruses>Duplodnaviria>Heunggongvirae>Uroviricota>Caudoviricetes>Pahexavirus"
"Pahexavirus PHL037M02"	"S"	1982275	0.001574	NA	0.001574	NA	NA	NA	"Viruses>Duplodnaviria>Heunggongvirae>Uroviricota>Caudoviricetes>Pahexavirus"
"Ceceduovirus cc2"	"S"	2843653	0.001574	NA	0.001574	NA	NA	NA	"Viruses>Duplodnaviria>Heunggongvirae>Uroviricota>Caudoviricetes>Straboviridae>Emmerichvirinae>Ceceduovirus"
"Rockefellervirus IPLA5"	"S"	1197952	0.001574	NA	0.001574	NA	NA	NA	"Viruses>Duplodnaviria>Heunggongvirae>Uroviricota>Caudoviricetes>Rockefellervirus"
"Sepunavirus IPLAC1C"	"S"	1980931	0.001574	NA	0.001574	NA	NA	NA	"Viruses>Duplodnaviria>Heunggongvirae>Uroviricota>Caudoviricetes>Herelleviridae>Twortvirinae>Sepunavirus"
"Streptococcus ratti"	"S"	1341	0.003207	NA	NA	0.003207	NA	0.002114	"cellular&nbsp;organisms>Bacteria>Terrabacteria&nbsp;group>Bacillota>Bacilli>Lactobacillales>Streptococcaceae>Streptococcus"
"Streptococcus sp. 116-D4"	"S"	2598453	0.05284	NA	NA	0.003207	NA	0.05284	"cellular&nbsp;organisms>Bacteria>Terrabacteria&nbsp;group>Bacillota>Bacilli>Lactobacillales>Streptococcaceae>Streptococcus>unclassified&nbsp;Streptococcus"
"Streptococcus thermophilus"	"S"	1308	0.004227	NA	NA	0.003207	NA	0.004227	"cellular&nbsp;organisms>Bacteria>Terrabacteria&nbsp;group>Bacillota>Bacilli>Lactobacillales>Streptococcaceae>Streptococcus"
"Staphylococcus aureus"	"S"	1280	0.01057	NA	NA	0.003207	NA	0.01057	"cellular&nbsp;organisms>Bacteria>Terrabacteria&nbsp;group>Bacillota>Bacilli>Bacillales>Staphylococcaceae>Staphylococcus"
"Staphylococcus cohnii"	"S"	29382	0.003207	NA	NA	0.003207	NA	NA	"cellular&nbsp;organisms>Bacteria>Terrabacteria&nbsp;group>Bacillota>Bacilli>Bacillales>Staphylococcaceae>Staphylococcus"
"Lysinibacillus fusiformis"	"S"	28031	0.009621	NA	NA	0.009621	NA	NA	"cellular&nbsp;organisms>Bacteria>Terrabacteria&nbsp;group>Bacillota>Bacilli>Bacillales>Bacillaceae>Lysinibacillus"
"Lysinibacillus sphaericus"	"S"	1421	0.003207	NA	NA	0.003207	NA	NA	"cellular&nbsp;organisms>Bacteria>Terrabacteria&nbsp;group>Bacillota>Bacilli>Bacillales>Bacillaceae>Lysinibacillus"
"Lysinibacillus sp. IRB4-01"	"S"	2998077	0.003207	NA	NA	0.003207	NA	NA	"cellular&nbsp;organisms>Bacteria>Terrabacteria&nbsp;group>Bacillota>Bacilli>Bacillales>Bacillaceae>Lysinibacillus>unclassified&nbsp;Lysinibacillus"
"Aneurinibacillus sp. B1"	"S"	2966586	0.003207	NA	NA	0.003207	NA	NA	"cellular&nbsp;organisms>Bacteria>Terrabacteria&nbsp;group>Bacillota>Bacilli>Bacillales>Paenibacillaceae>Aneurinibacillus&nbsp;group>Aneurinibacillus>unclassified&nbsp;Aneurinibacillus"
"Faecalibacterium prausnitzii"	"S"	853	0.003207	NA	NA	0.003207	NA	NA	"cellular&nbsp;organisms>Bacteria>Terrabacteria&nbsp;group>Bacillota>Clostridia>Eubacteriales>Oscillospiraceae>Faecalibacterium"
"Coprococcus comes"	"S"	410072	0.003207	NA	NA	0.003207	NA	NA	"cellular&nbsp;organisms>Bacteria>Terrabacteria&nbsp;group>Bacillota>Clostridia>Eubacteriales>Lachnospiraceae>Coprococcus"
"Lacrimispora xylanolytica"	"S"	29375	0.003207	NA	NA	0.003207	NA	NA	"cellular&nbsp;organisms>Bacteria>Terrabacteria&nbsp;group>Bacillota>Clostridia>Eubacteriales>Lachnospiraceae>Lacrimispora"
"Corynebacterium glucuronolyticum"	"S"	39791	0.04195	NA	NA	0.003207	0.04195	0.01691	"cellular&nbsp;organisms>Bacteria>Terrabacteria&nbsp;group>Actinomycetota>Actinomycetes>Mycobacteriales>Corynebacteriaceae>Corynebacterium"
"Corynebacterium imitans"	"S"	156978	0.003207	NA	NA	0.003207	NA	NA	"cellular&nbsp;organisms>Bacteria>Terrabacteria&nbsp;group>Actinomycetota>Actinomycetes>Mycobacteriales>Corynebacteriaceae>Corynebacterium"
"Corynebacterium sp. NML98-0116"	"S"	702967	0.2147	NA	NA	0.003207	0.2147	0.002114	"cellular&nbsp;organisms>Bacteria>Terrabacteria&nbsp;group>Actinomycetota>Actinomycetes>Mycobacteriales>Corynebacteriaceae>Corynebacterium>unclassified&nbsp;Corynebacterium"
"Corynebacterium urealyticum"	"S"	43771	0.003207	NA	NA	0.003207	NA	NA	"cellular&nbsp;organisms>Bacteria>Terrabacteria&nbsp;group>Actinomycetota>Actinomycetes>Mycobacteriales>Corynebacteriaceae>Corynebacterium"
"Dietzia psychralcaliphila"	"S"	139021	0.003207	NA	NA	0.003207	NA	NA	"cellular&nbsp;organisms>Bacteria>Terrabacteria&nbsp;group>Actinomycetota>Actinomycetes>Mycobacteriales>Dietziaceae>Dietzia"
"Glutamicibacter creatinolyticus"	"S"	162496	0.003207	NA	NA	0.003207	NA	NA	"cellular&nbsp;organisms>Bacteria>Terrabacteria&nbsp;group>Actinomycetota>Actinomycetes>Micrococcales>Micrococcaceae>Glutamicibacter"
"Beutenbergia cavernae"	"S"	84757	0.003207	NA	NA	0.003207	NA	NA	"cellular&nbsp;organisms>Bacteria>Terrabacteria&nbsp;group>Actinomycetota>Actinomycetes>Micrococcales>Beutenbergiaceae>Beutenbergia"
"Calothrix sp. 336/3"	"S"	1337936	0.006414	NA	NA	0.006414	NA	NA	"cellular&nbsp;organisms>Bacteria>Terrabacteria&nbsp;group>Cyanobacteriota/Melainabacteria&nbsp;group>Cyanobacteriota>Cyanophyceae>Nostocales>Calotrichaceae>Calothrix>unclassified&nbsp;Calothrix"
"Deinococcus geothermalis"	"S"	68909	0.006414	NA	NA	0.006414	NA	NA	"cellular&nbsp;organisms>Bacteria>Terrabacteria&nbsp;group>Deinococcota>Deinococci>Deinococcales>Deinococcaceae>Deinococcus"
"Klebsiella variicola"	"S"	244366	0.02245	NA	NA	0.02245	NA	NA	"cellular&nbsp;organisms>Bacteria>Pseudomonadota>Gammaproteobacteria>Enterobacterales>Enterobacteriaceae>Klebsiella/Raoultella&nbsp;group>Klebsiella"
"Klebsiella quasipneumoniae"	"S"	1463165	0.01283	NA	NA	0.01283	NA	NA	"cellular&nbsp;organisms>Bacteria>Pseudomonadota>Gammaproteobacteria>Enterobacterales>Enterobacteriaceae>Klebsiella/Raoultella&nbsp;group>Klebsiella"
"Klebsiella aerogenes"	"S"	548	0.006414	NA	NA	0.006414	NA	NA	"cellular&nbsp;organisms>Bacteria>Pseudomonadota>Gammaproteobacteria>Enterobacterales>Enterobacteriaceae>Klebsiella/Raoultella&nbsp;group>Klebsiella"
"Klebsiella michiganensis"	"S"	1134687	0.006414	NA	NA	0.006414	NA	NA	"cellular&nbsp;organisms>Bacteria>Pseudomonadota>Gammaproteobacteria>Enterobacterales>Enterobacteriaceae>Klebsiella/Raoultella&nbsp;group>Klebsiella"
"Klebsiella africana"	"S"	2489010	0.003207	NA	NA	0.003207	NA	NA	"cellular&nbsp;organisms>Bacteria>Pseudomonadota>Gammaproteobacteria>Enterobacterales>Enterobacteriaceae>Klebsiella/Raoultella&nbsp;group>Klebsiella"
"Enterobacter roggenkampii"	"S"	1812935	0.003207	NA	NA	0.003207	NA	NA	"cellular&nbsp;organisms>Bacteria>Pseudomonadota>Gammaproteobacteria>Enterobacterales>Enterobacteriaceae>Enterobacter>Enterobacter&nbsp;cloacae&nbsp;complex"
"Enterobacter mori"	"S"	539813	0.003207	NA	NA	0.003207	NA	NA	"cellular&nbsp;organisms>Bacteria>Pseudomonadota>Gammaproteobacteria>Enterobacterales>Enterobacteriaceae>Enterobacter"
"Escherichia coli"	"S"	562	0.003207	NA	NA	0.003207	NA	0.002114	"cellular&nbsp;organisms>Bacteria>Pseudomonadota>Gammaproteobacteria>Enterobacterales>Enterobacteriaceae>Escherichia"
"Escherichia albertii"	"S"	208962	0.003207	NA	NA	0.003207	NA	NA	"cellular&nbsp;organisms>Bacteria>Pseudomonadota>Gammaproteobacteria>Enterobacterales>Enterobacteriaceae>Escherichia"
"Salmonella enterica"	"S"	28901	0.003207	NA	NA	0.003207	NA	NA	"cellular&nbsp;organisms>Bacteria>Pseudomonadota>Gammaproteobacteria>Enterobacterales>Enterobacteriaceae>Salmonella"
"Halomonas elongata"	"S"	2746	0.003207	NA	NA	0.003207	NA	NA	"cellular&nbsp;organisms>Bacteria>Pseudomonadota>Gammaproteobacteria>Oceanospirillales>Halomonadaceae>Halomonas"
"Alcanivorax sp. N3-2A"	"S"	2014542	0.003207	NA	NA	0.003207	NA	NA	"cellular&nbsp;organisms>Bacteria>Pseudomonadota>Gammaproteobacteria>Oceanospirillales>Alcanivoracaceae>Alcanivorax>unclassified&nbsp;Alcanivorax"
"Pseudomonas mucidolens"	"S"	46679	0.003207	NA	NA	0.003207	NA	NA	"cellular&nbsp;organisms>Bacteria>Pseudomonadota>Gammaproteobacteria>Pseudomonadales>Pseudomonadaceae>Pseudomonas>Pseudomonas&nbsp;fluorescens&nbsp;group"
"Lysobacter enzymogenes"	"S"	69	0.006414	NA	NA	0.006414	NA	NA	"cellular&nbsp;organisms>Bacteria>Pseudomonadota>Gammaproteobacteria>Xanthomonadales>Xanthomonadaceae>Lysobacter"
"Legionella pneumophila"	"S"	446	0.003207	NA	NA	0.003207	NA	NA	"cellular&nbsp;organisms>Bacteria>Pseudomonadota>Gammaproteobacteria>Legionellales>Legionellaceae>Legionella"
"Rhodoferax aquaticus"	"S"	2527691	0.003207	NA	NA	0.003207	NA	NA	"cellular&nbsp;organisms>Bacteria>Pseudomonadota>Betaproteobacteria>Burkholderiales>Comamonadaceae>Rhodoferax"
"Hydrogenophaga pseudoflava"	"S"	47421	0.003207	NA	NA	0.003207	NA	NA	"cellular&nbsp;organisms>Bacteria>Pseudomonadota>Betaproteobacteria>Burkholderiales>Comamonadaceae>Hydrogenophaga"
"Cupriavidus metallidurans"	"S"	119219	0.003207	NA	NA	0.003207	NA	NA	"cellular&nbsp;organisms>Bacteria>Pseudomonadota>Betaproteobacteria>Burkholderiales>Burkholderiaceae>Cupriavidus"
"Neisseria meningitidis"	"S"	487	0.003207	NA	NA	0.003207	NA	NA	"cellular&nbsp;organisms>Bacteria>Pseudomonadota>Betaproteobacteria>Neisseriales>Neisseriaceae>Neisseria"
"Bacteroides fragilis"	"S"	817	0.003207	NA	NA	0.003207	NA	NA	"cellular&nbsp;organisms>Bacteria>FCB&nbsp;group>Bacteroidota/Chlorobiota&nbsp;group>Bacteroidota>Bacteroidia>Bacteroidales>Bacteroidaceae>Bacteroides"
"Prevotella fusca"	"S"	589436	0.003207	NA	NA	0.003207	0.002468	NA	"cellular&nbsp;organisms>Bacteria>FCB&nbsp;group>Bacteroidota/Chlorobiota&nbsp;group>Bacteroidota>Bacteroidia>Bacteroidales>Prevotellaceae>Prevotella"
"Porphyromonas somerae"	"S"	322095	0.003207	NA	NA	0.003207	0.002468	NA	"cellular&nbsp;organisms>Bacteria>FCB&nbsp;group>Bacteroidota/Chlorobiota&nbsp;group>Bacteroidota>Bacteroidia>Bacteroidales>Porphyromonadaceae>Porphyromonas"
"Lacinutrix sp. 5H-3-7-4"	"S"	983544	0.009621	NA	NA	0.009621	0.002468	NA	"cellular&nbsp;organisms>Bacteria>FCB&nbsp;group>Bacteroidota/Chlorobiota&nbsp;group>Bacteroidota>Flavobacteriia>Flavobacteriales>Flavobacteriaceae>Lacinutrix>unclassified&nbsp;Lacinutrix"
"Malaciobacter halophilus"	"S"	197482	0.006414	NA	NA	0.006414	NA	NA	"cellular&nbsp;organisms>Bacteria>Campylobacterota>Epsilonproteobacteria>Campylobacterales>Arcobacteraceae>Malaciobacter"
"Gimesia benthica"	"S"	2608982	0.003207	NA	NA	0.003207	NA	NA	"cellular&nbsp;organisms>Bacteria>PVC&nbsp;group>Planctomycetota>Planctomycetia>Planctomycetales>Planctomycetaceae>Gimesia"
"Halopenitus persicus"	"S"	1048396	0.003207	NA	NA	0.003207	NA	NA	"cellular&nbsp;organisms>Archaea>Euryarchaeota>Stenosarchaea&nbsp;group>Halobacteria>Haloferacales>Halorubraceae>Halopenitus"
"Pahexavirus wizzo"	"S"	1982308	0.003207	NA	NA	0.003207	NA	NA	"Viruses>Duplodnaviria>Heunggongvirae>Uroviricota>Caudoviricetes>Pahexavirus"
"Lactobacillus delbrueckii"	"S"	1584	0.002468	NA	NA	NA	0.002468	NA	"cellular&nbsp;organisms>Bacteria>Terrabacteria&nbsp;group>Bacillota>Bacilli>Lactobacillales>Lactobacillaceae>Lactobacillus"
"Lacticaseibacillus rhamnosus"	"S"	47715	2.228	NA	NA	NA	2.228	NA	"cellular&nbsp;organisms>Bacteria>Terrabacteria&nbsp;group>Bacillota>Bacilli>Lactobacillales>Lactobacillaceae>Lacticaseibacillus"
"Lacticaseibacillus casei"	"S"	1582	0.06663	NA	NA	NA	0.06663	NA	"cellular&nbsp;organisms>Bacteria>Terrabacteria&nbsp;group>Bacillota>Bacilli>Lactobacillales>Lactobacillaceae>Lacticaseibacillus"
"Lacticaseibacillus sp. KACC 23028"	"S"	3025672	0.007403	NA	NA	NA	0.007403	NA	"cellular&nbsp;organisms>Bacteria>Terrabacteria&nbsp;group>Bacillota>Bacilli>Lactobacillales>Lactobacillaceae>Lacticaseibacillus>unclassified&nbsp;Lacticaseibacillus"
"Lacticaseibacillus chiayiensis"	"S"	2100821	0.004936	NA	NA	NA	0.004936	NA	"cellular&nbsp;organisms>Bacteria>Terrabacteria&nbsp;group>Bacillota>Bacilli>Lactobacillales>Lactobacillaceae>Lacticaseibacillus"
"Pediococcus claussenii"	"S"	187452	0.3578	NA	NA	NA	0.3578	NA	"cellular&nbsp;organisms>Bacteria>Terrabacteria&nbsp;group>Bacillota>Bacilli>Lactobacillales>Lactobacillaceae>Pediococcus"
"Limosilactobacillus gastricus"	"S"	227942	0.007403	NA	NA	NA	0.007403	NA	"cellular&nbsp;organisms>Bacteria>Terrabacteria&nbsp;group>Bacillota>Bacilli>Lactobacillales>Lactobacillaceae>Limosilactobacillus"
"Leuconostoc citreum"	"S"	33964	0.02715	NA	NA	NA	0.02715	NA	"cellular&nbsp;organisms>Bacteria>Terrabacteria&nbsp;group>Bacillota>Bacilli>Lactobacillales>Lactobacillaceae>Leuconostoc"
"Lentilactobacillus buchneri"	"S"	1581	0.009871	NA	NA	NA	0.009871	NA	"cellular&nbsp;organisms>Bacteria>Terrabacteria&nbsp;group>Bacillota>Bacilli>Lactobacillales>Lactobacillaceae>Lentilactobacillus"
"Latilactobacillus sakei"	"S"	1599	0.004936	NA	NA	NA	0.004936	NA	"cellular&nbsp;organisms>Bacteria>Terrabacteria&nbsp;group>Bacillota>Bacilli>Lactobacillales>Lactobacillaceae>Latilactobacillus"
"Oenococcus oeni"	"S"	1247	0.002468	NA	NA	NA	0.002468	NA	"cellular&nbsp;organisms>Bacteria>Terrabacteria&nbsp;group>Bacillota>Bacilli>Lactobacillales>Lactobacillaceae>Oenococcus"
"Apilactobacillus apinorum"	"S"	1218495	0.002468	NA	NA	NA	0.002468	NA	"cellular&nbsp;organisms>Bacteria>Terrabacteria&nbsp;group>Bacillota>Bacilli>Lactobacillales>Lactobacillaceae>Apilactobacillus"
"Paucilactobacillus oligofermentans"	"S"	293371	0.002468	NA	NA	NA	0.002468	NA	"cellular&nbsp;organisms>Bacteria>Terrabacteria&nbsp;group>Bacillota>Bacilli>Lactobacillales>Lactobacillaceae>Paucilactobacillus"
"Furfurilactobacillus rossiae"	"S"	231049	0.002468	NA	NA	NA	0.002468	NA	"cellular&nbsp;organisms>Bacteria>Terrabacteria&nbsp;group>Bacillota>Bacilli>Lactobacillales>Lactobacillaceae>Furfurilactobacillus"
"Streptococcus pyogenes"	"S"	1314	0.004936	NA	NA	NA	0.004936	0.004227	"cellular&nbsp;organisms>Bacteria>Terrabacteria&nbsp;group>Bacillota>Bacilli>Lactobacillales>Streptococcaceae>Streptococcus"
"Enterococcus lactis"	"S"	357441	0.009871	NA	NA	NA	0.009871	NA	"cellular&nbsp;organisms>Bacteria>Terrabacteria&nbsp;group>Bacillota>Bacilli>Lactobacillales>Enterococcaceae>Enterococcus"
"Priestia flexa"	"S"	86664	0.002468	NA	NA	NA	0.002468	NA	"cellular&nbsp;organisms>Bacteria>Terrabacteria&nbsp;group>Bacillota>Bacilli>Bacillales>Bacillaceae>Priestia"
"Anaerococcus obesiensis"	"S"	1287640	0.002468	NA	NA	NA	0.002468	NA	"cellular&nbsp;organisms>Bacteria>Terrabacteria&nbsp;group>Bacillota>Tissierellia>Tissierellales>Peptoniphilaceae>Anaerococcus"
"Parvimonas micra"	"S"	33033	0.002468	NA	NA	NA	0.002468	NA	"cellular&nbsp;organisms>Bacteria>Terrabacteria&nbsp;group>Bacillota>Tissierellia>Tissierellales>Peptoniphilaceae>Parvimonas"
"Ezakiella coagulans"	"S"	46507	0.004936	NA	NA	NA	0.004936	NA	"cellular&nbsp;organisms>Bacteria>Terrabacteria&nbsp;group>Bacillota>Tissierellia>Tissierellia&nbsp;incertae&nbsp;sedis>Ezakiella"
"Clostridium botulinum"	"S"	1491	0.002468	NA	NA	NA	0.002468	NA	"cellular&nbsp;organisms>Bacteria>Terrabacteria&nbsp;group>Bacillota>Clostridia>Eubacteriales>Clostridiaceae>Clostridium"
"Clostridium fermenticellae"	"S"	2068654	0.002468	NA	NA	NA	0.002468	NA	"cellular&nbsp;organisms>Bacteria>Terrabacteria&nbsp;group>Bacillota>Clostridia>Eubacteriales>Clostridiaceae>Clostridium"
"Herbinix luporum"	"S"	1679721	0.002468	NA	NA	NA	0.002468	NA	"cellular&nbsp;organisms>Bacteria>Terrabacteria&nbsp;group>Bacillota>Clostridia>Eubacteriales>Lachnospiraceae>Herbinix"
"Fenollaria massiliensis"	"S"	938288	0.002468	NA	NA	NA	0.002468	NA	"cellular&nbsp;organisms>Bacteria>Terrabacteria&nbsp;group>Bacillota>Clostridia>Eubacteriales>Eubacteriales&nbsp;incertae&nbsp;sedis>Fenollaria"
"Corynebacterium pseudogenitalium"	"S"	38303	0.19	NA	NA	NA	0.19	NA	"cellular&nbsp;organisms>Bacteria>Terrabacteria&nbsp;group>Actinomycetota>Actinomycetes>Mycobacteriales>Corynebacteriaceae>Corynebacterium"
"Corynebacterium striatum"	"S"	43770	0.01974	NA	NA	NA	0.01974	NA	"cellular&nbsp;organisms>Bacteria>Terrabacteria&nbsp;group>Actinomycetota>Actinomycetes>Mycobacteriales>Corynebacteriaceae>Corynebacterium"
"Corynebacterium diphtheriae"	"S"	1717	0.01234	NA	NA	NA	0.01234	NA	"cellular&nbsp;organisms>Bacteria>Terrabacteria&nbsp;group>Actinomycetota>Actinomycetes>Mycobacteriales>Corynebacteriaceae>Corynebacterium"
"Corynebacterium jeddahense"	"S"	1414719	0.009871	NA	NA	NA	0.009871	NA	"cellular&nbsp;organisms>Bacteria>Terrabacteria&nbsp;group>Actinomycetota>Actinomycetes>Mycobacteriales>Corynebacteriaceae>Corynebacterium"
"Corynebacterium mycetoides"	"S"	38302	0.004936	NA	NA	NA	0.004936	NA	"cellular&nbsp;organisms>Bacteria>Terrabacteria&nbsp;group>Actinomycetota>Actinomycetes>Mycobacteriales>Corynebacteriaceae>Corynebacterium"
"Corynebacterium lactis"	"S"	1231000	0.004936	NA	NA	NA	0.004936	NA	"cellular&nbsp;organisms>Bacteria>Terrabacteria&nbsp;group>Actinomycetota>Actinomycetes>Mycobacteriales>Corynebacteriaceae>Corynebacterium"
"Corynebacterium endometrii"	"S"	2488819	0.002468	NA	NA	NA	0.002468	NA	"cellular&nbsp;organisms>Bacteria>Terrabacteria&nbsp;group>Actinomycetota>Actinomycetes>Mycobacteriales>Corynebacteriaceae>Corynebacterium"
"Corynebacterium timonense"	"S"	441500	0.002468	NA	NA	NA	0.002468	NA	"cellular&nbsp;organisms>Bacteria>Terrabacteria&nbsp;group>Actinomycetota>Actinomycetes>Mycobacteriales>Corynebacteriaceae>Corynebacterium"
"Corynebacterium ihumii"	"S"	1232427	0.002468	NA	NA	NA	0.002468	NA	"cellular&nbsp;organisms>Bacteria>Terrabacteria&nbsp;group>Actinomycetota>Actinomycetes>Mycobacteriales>Corynebacteriaceae>Corynebacterium"
"Corynebacterium yudongzhengii"	"S"	2080740	0.002468	NA	NA	NA	0.002468	NA	"cellular&nbsp;organisms>Bacteria>Terrabacteria&nbsp;group>Actinomycetota>Actinomycetes>Mycobacteriales>Corynebacteriaceae>Corynebacterium"
"Corynebacterium propinquum"	"S"	43769	0.002468	NA	NA	NA	0.002468	NA	"cellular&nbsp;organisms>Bacteria>Terrabacteria&nbsp;group>Actinomycetota>Actinomycetes>Mycobacteriales>Corynebacteriaceae>Corynebacterium"
"Corynebacterium riegelii"	"S"	156976	0.002468	NA	NA	NA	0.002468	NA	"cellular&nbsp;organisms>Bacteria>Terrabacteria&nbsp;group>Actinomycetota>Actinomycetes>Mycobacteriales>Corynebacteriaceae>Corynebacterium"
"Corynebacterium comes"	"S"	2675218	0.002468	NA	NA	NA	0.002468	NA	"cellular&nbsp;organisms>Bacteria>Terrabacteria&nbsp;group>Actinomycetota>Actinomycetes>Mycobacteriales>Corynebacteriaceae>Corynebacterium"
"Corynebacterium glutamicum"	"S"	1718	0.002468	NA	NA	NA	0.002468	NA	"cellular&nbsp;organisms>Bacteria>Terrabacteria&nbsp;group>Actinomycetota>Actinomycetes>Mycobacteriales>Corynebacteriaceae>Corynebacterium"
"Corynebacterium ureicelerivorans"	"S"	401472	0.002468	NA	NA	NA	0.002468	NA	"cellular&nbsp;organisms>Bacteria>Terrabacteria&nbsp;group>Actinomycetota>Actinomycetes>Mycobacteriales>Corynebacteriaceae>Corynebacterium"
"Corynebacterium halotolerans"	"S"	225326	0.002468	NA	NA	NA	0.002468	NA	"cellular&nbsp;organisms>Bacteria>Terrabacteria&nbsp;group>Actinomycetota>Actinomycetes>Mycobacteriales>Corynebacteriaceae>Corynebacterium"
"Corynebacterium resistens"	"S"	258224	0.002468	NA	NA	NA	0.002468	NA	"cellular&nbsp;organisms>Bacteria>Terrabacteria&nbsp;group>Actinomycetota>Actinomycetes>Mycobacteriales>Corynebacteriaceae>Corynebacterium"
"Tsukamurella sp. PLM1"	"S"	2929795	0.002468	NA	NA	NA	0.002468	NA	"cellular&nbsp;organisms>Bacteria>Terrabacteria&nbsp;group>Actinomycetota>Actinomycetes>Mycobacteriales>Tsukamurellaceae>Tsukamurella>unclassified&nbsp;Tsukamurella"
"Scardovia inopinata"	"S"	78259	0.002468	NA	NA	NA	0.002468	NA	"cellular&nbsp;organisms>Bacteria>Terrabacteria&nbsp;group>Actinomycetota>Actinomycetes>Bifidobacteriales>Bifidobacteriaceae>Scardovia"
"Actinomyces lilanjuaniae"	"S"	2321394	0.002468	NA	NA	NA	0.002468	NA	"cellular&nbsp;organisms>Bacteria>Terrabacteria&nbsp;group>Actinomycetota>Actinomycetes>Actinomycetales>Actinomycetaceae>Actinomyces"
"Actinobaculum sp. 313"	"S"	2495645	0.002468	NA	NA	NA	0.002468	NA	"cellular&nbsp;organisms>Bacteria>Terrabacteria&nbsp;group>Actinomycetota>Actinomycetes>Actinomycetales>Actinomycetaceae>Actinobaculum>unclassified&nbsp;Actinobaculum"
"Actinotignum schaalii"	"S"	59505	0.002468	NA	NA	NA	0.002468	NA	"cellular&nbsp;organisms>Bacteria>Terrabacteria&nbsp;group>Actinomycetota>Actinomycetes>Actinomycetales>Actinomycetaceae>Actinotignum"
"Schaalia turicensis"	"S"	131111	0.002468	NA	NA	NA	0.002468	NA	"cellular&nbsp;organisms>Bacteria>Terrabacteria&nbsp;group>Actinomycetota>Actinomycetes>Actinomycetales>Actinomycetaceae>Schaalia"
"Nanchangia anserum"	"S"	2692125	0.002468	NA	NA	NA	0.002468	NA	"cellular&nbsp;organisms>Bacteria>Terrabacteria&nbsp;group>Actinomycetota>Actinomycetes>Actinomycetales>Actinomycetaceae>Nanchangia"
"Cutibacterium granulosum"	"S"	33011	0.002468	NA	NA	NA	0.002468	0.002114	"cellular&nbsp;organisms>Bacteria>Terrabacteria&nbsp;group>Actinomycetota>Actinomycetes>Propionibacteriales>Propionibacteriaceae>Cutibacterium"
"Vaginimicrobium propionicum"	"S"	1871034	0.004936	NA	NA	NA	0.004936	NA	"cellular&nbsp;organisms>Bacteria>Terrabacteria&nbsp;group>Actinomycetota>Actinomycetes>Propionibacteriales>Propionibacteriaceae>Vaginimicrobium"
"Microlunatus soli"	"S"	630515	0.002468	NA	NA	NA	0.002468	NA	"cellular&nbsp;organisms>Bacteria>Terrabacteria&nbsp;group>Actinomycetota>Actinomycetes>Propionibacteriales>Propionibacteriaceae>Microlunatus"
"Microbacterium testaceum"	"S"	2033	0.002468	NA	NA	NA	0.002468	NA	"cellular&nbsp;organisms>Bacteria>Terrabacteria&nbsp;group>Actinomycetota>Actinomycetes>Micrococcales>Microbacteriaceae>Microbacterium"
"Kocuria rosea"	"S"	1275	0.002468	NA	NA	NA	0.002468	NA	"cellular&nbsp;organisms>Bacteria>Terrabacteria&nbsp;group>Actinomycetota>Actinomycetes>Micrococcales>Micrococcaceae>Kocuria"
"Candidatus Planktophila vernalis"	"S"	1884907	0.002468	NA	NA	NA	0.002468	NA	"cellular&nbsp;organisms>Bacteria>Terrabacteria&nbsp;group>Actinomycetota>Actinomycetes>Candidatus&nbsp;Nanopelagicales>Candidatus&nbsp;Nanopelagicaceae>Candidatus&nbsp;Planktophila"
"Candidatus Planktophila lacus"	"S"	1884913	0.002468	NA	NA	NA	0.002468	NA	"cellular&nbsp;organisms>Bacteria>Terrabacteria&nbsp;group>Actinomycetota>Actinomycetes>Candidatus&nbsp;Nanopelagicales>Candidatus&nbsp;Nanopelagicaceae>Candidatus&nbsp;Planktophila"
"Streptomyces sp. KMM 9044"	"S"	2744474	0.002468	NA	NA	NA	0.002468	NA	"cellular&nbsp;organisms>Bacteria>Terrabacteria&nbsp;group>Actinomycetota>Actinomycetes>Kitasatosporales>Streptomycetaceae>Streptomyces>unclassified&nbsp;Streptomyces"
"Nonomuraea gerenzanensis"	"S"	93944	0.002468	NA	NA	NA	0.002468	NA	"cellular&nbsp;organisms>Bacteria>Terrabacteria&nbsp;group>Actinomycetota>Actinomycetes>Streptosporangiales>Streptosporangiaceae>Nonomuraea"
"Cylindrospermopsis raciborskii"	"S"	77022	0.004936	NA	NA	NA	0.004936	NA	"cellular&nbsp;organisms>Bacteria>Terrabacteria&nbsp;group>Cyanobacteriota/Melainabacteria&nbsp;group>Cyanobacteriota>Cyanophyceae>Nostocales>Aphanizomenonaceae>Cylindrospermopsis"
"Gloeocapsa sp. PCC 7428"	"S"	1173026	0.002468	NA	NA	NA	0.002468	NA	"cellular&nbsp;organisms>Bacteria>Terrabacteria&nbsp;group>Cyanobacteriota/Melainabacteria&nbsp;group>Cyanobacteriota>Cyanophyceae>Oscillatoriophycideae>Chroococcales>Chroococcaceae>Gloeocapsa>unclassified&nbsp;Gloeocapsa"
"Prevotella intermedia"	"S"	28131	0.03948	NA	NA	NA	0.03948	NA	"cellular&nbsp;organisms>Bacteria>FCB&nbsp;group>Bacteroidota/Chlorobiota&nbsp;group>Bacteroidota>Bacteroidia>Bacteroidales>Prevotellaceae>Prevotella"
"Prevotella denticola"	"S"	28129	0.01234	NA	NA	NA	0.01234	NA	"cellular&nbsp;organisms>Bacteria>FCB&nbsp;group>Bacteroidota/Chlorobiota&nbsp;group>Bacteroidota>Bacteroidia>Bacteroidales>Prevotellaceae>Prevotella"
"Prevotella scopos"	"S"	589437	0.01234	NA	NA	NA	0.01234	NA	"cellular&nbsp;organisms>Bacteria>FCB&nbsp;group>Bacteroidota/Chlorobiota&nbsp;group>Bacteroidota>Bacteroidia>Bacteroidales>Prevotellaceae>Prevotella"
"Prevotella nigrescens"	"S"	28133	0.009871	NA	NA	NA	0.009871	NA	"cellular&nbsp;organisms>Bacteria>FCB&nbsp;group>Bacteroidota/Chlorobiota&nbsp;group>Bacteroidota>Bacteroidia>Bacteroidales>Prevotellaceae>Prevotella"
"Prevotella veroralis"	"S"	28137	0.009871	NA	NA	NA	0.009871	NA	"cellular&nbsp;organisms>Bacteria>FCB&nbsp;group>Bacteroidota/Chlorobiota&nbsp;group>Bacteroidota>Bacteroidia>Bacteroidales>Prevotellaceae>Prevotella"
"Prevotella sp. oral taxon 313"	"S"	652722	0.004936	NA	NA	NA	0.004936	NA	"cellular&nbsp;organisms>Bacteria>FCB&nbsp;group>Bacteroidota/Chlorobiota&nbsp;group>Bacteroidota>Bacteroidia>Bacteroidales>Prevotellaceae>Prevotella>unclassified&nbsp;Prevotella"
"Prevotella sp. E2-28"	"S"	2913620	0.002468	NA	NA	NA	0.002468	NA	"cellular&nbsp;organisms>Bacteria>FCB&nbsp;group>Bacteroidota/Chlorobiota&nbsp;group>Bacteroidota>Bacteroidia>Bacteroidales>Prevotellaceae>Prevotella>unclassified&nbsp;Prevotella"
"Prevotella sp. E9-3"	"S"	2913621	0.002468	NA	NA	NA	0.002468	NA	"cellular&nbsp;organisms>Bacteria>FCB&nbsp;group>Bacteroidota/Chlorobiota&nbsp;group>Bacteroidota>Bacteroidia>Bacteroidales>Prevotellaceae>Prevotella>unclassified&nbsp;Prevotella"
"Prevotella histicola"	"S"	470565	0.009871	NA	NA	NA	0.009871	NA	"cellular&nbsp;organisms>Bacteria>FCB&nbsp;group>Bacteroidota/Chlorobiota&nbsp;group>Bacteroidota>Bacteroidia>Bacteroidales>Prevotellaceae>Prevotella"
"Prevotella multiformis"	"S"	282402	0.004936	NA	NA	NA	0.004936	NA	"cellular&nbsp;organisms>Bacteria>FCB&nbsp;group>Bacteroidota/Chlorobiota&nbsp;group>Bacteroidota>Bacteroidia>Bacteroidales>Prevotellaceae>Prevotella"
"Prevotella bryantii"	"S"	77095	0.002468	NA	NA	NA	0.002468	NA	"cellular&nbsp;organisms>Bacteria>FCB&nbsp;group>Bacteroidota/Chlorobiota&nbsp;group>Bacteroidota>Bacteroidia>Bacteroidales>Prevotellaceae>Prevotella"
"Prevotella herbatica"	"S"	2801997	0.002468	NA	NA	NA	0.002468	NA	"cellular&nbsp;organisms>Bacteria>FCB&nbsp;group>Bacteroidota/Chlorobiota&nbsp;group>Bacteroidota>Bacteroidia>Bacteroidales>Prevotellaceae>Prevotella"
"Prevotella oris"	"S"	28135	0.002468	NA	NA	NA	0.002468	NA	"cellular&nbsp;organisms>Bacteria>FCB&nbsp;group>Bacteroidota/Chlorobiota&nbsp;group>Bacteroidota>Bacteroidia>Bacteroidales>Prevotellaceae>Prevotella"
"Hoylesella enoeca"	"S"	76123	0.002468	NA	NA	NA	0.002468	NA	"cellular&nbsp;organisms>Bacteria>FCB&nbsp;group>Bacteroidota/Chlorobiota&nbsp;group>Bacteroidota>Bacteroidia>Bacteroidales>Prevotellaceae>Hoylesella"
"Paraprevotella clara"	"S"	454154	0.002468	NA	NA	NA	0.002468	NA	"cellular&nbsp;organisms>Bacteria>FCB&nbsp;group>Bacteroidota/Chlorobiota&nbsp;group>Bacteroidota>Bacteroidia>Bacteroidales>Prevotellaceae>Paraprevotella"
"Bacteroides zoogleoformans"	"S"	28119	0.002468	NA	NA	NA	0.002468	NA	"cellular&nbsp;organisms>Bacteria>FCB&nbsp;group>Bacteroidota/Chlorobiota&nbsp;group>Bacteroidota>Bacteroidia>Bacteroidales>Bacteroidaceae>Bacteroides"
"Bacteroides sp. D2"	"S"	556259	0.002468	NA	NA	NA	0.002468	NA	"cellular&nbsp;organisms>Bacteria>FCB&nbsp;group>Bacteroidota/Chlorobiota&nbsp;group>Bacteroidota>Bacteroidia>Bacteroidales>Bacteroidaceae>Bacteroides>unclassified&nbsp;Bacteroides"
"Bacteroides cellulosilyticus"	"S"	246787	0.002468	NA	NA	NA	0.002468	NA	"cellular&nbsp;organisms>Bacteria>FCB&nbsp;group>Bacteroidota/Chlorobiota&nbsp;group>Bacteroidota>Bacteroidia>Bacteroidales>Bacteroidaceae>Bacteroides"
"Bacteroides nordii"	"S"	291645	0.002468	NA	NA	NA	0.002468	NA	"cellular&nbsp;organisms>Bacteria>FCB&nbsp;group>Bacteroidota/Chlorobiota&nbsp;group>Bacteroidota>Bacteroidia>Bacteroidales>Bacteroidaceae>Bacteroides"
"Porphyromonas asaccharolytica"	"S"	28123	0.004936	NA	NA	NA	0.004936	NA	"cellular&nbsp;organisms>Bacteria>FCB&nbsp;group>Bacteroidota/Chlorobiota&nbsp;group>Bacteroidota>Bacteroidia>Bacteroidales>Porphyromonadaceae>Porphyromonas"
"Paludibacter propionicigenes"	"S"	185300	0.002468	NA	NA	NA	0.002468	NA	"cellular&nbsp;organisms>Bacteria>FCB&nbsp;group>Bacteroidota/Chlorobiota&nbsp;group>Bacteroidota>Bacteroidia>Bacteroidales>Paludibacteraceae>Paludibacter"
"Tannerella forsythia"	"S"	28112	0.002468	NA	NA	NA	0.002468	NA	"cellular&nbsp;organisms>Bacteria>FCB&nbsp;group>Bacteroidota/Chlorobiota&nbsp;group>Bacteroidota>Bacteroidia>Bacteroidales>Tannerellaceae>Tannerella"
"Capnocytophaga cynodegmi"	"S"	28189	0.004936	NA	NA	NA	0.004936	NA	"cellular&nbsp;organisms>Bacteria>FCB&nbsp;group>Bacteroidota/Chlorobiota&nbsp;group>Bacteroidota>Flavobacteriia>Flavobacteriales>Flavobacteriaceae>Capnocytophaga"
"Capnocytophaga haemolytica"	"S"	45243	0.002468	NA	NA	NA	0.002468	NA	"cellular&nbsp;organisms>Bacteria>FCB&nbsp;group>Bacteroidota/Chlorobiota&nbsp;group>Bacteroidota>Flavobacteriia>Flavobacteriales>Flavobacteriaceae>Capnocytophaga"
"Flavobacterium covae"	"S"	2906076	0.004936	NA	NA	NA	0.004936	NA	"cellular&nbsp;organisms>Bacteria>FCB&nbsp;group>Bacteroidota/Chlorobiota&nbsp;group>Bacteroidota>Flavobacteriia>Flavobacteriales>Flavobacteriaceae>Flavobacterium"
"Zunongwangia sp. SCSIO 43204"	"S"	2779359	0.002468	NA	NA	NA	0.002468	NA	"cellular&nbsp;organisms>Bacteria>FCB&nbsp;group>Bacteroidota/Chlorobiota&nbsp;group>Bacteroidota>Flavobacteriia>Flavobacteriales>Flavobacteriaceae>Zunongwangia>unclassified&nbsp;Zunongwangia"
"Weeksella virosa"	"S"	1014	0.002468	NA	NA	NA	0.002468	NA	"cellular&nbsp;organisms>Bacteria>FCB&nbsp;group>Bacteroidota/Chlorobiota&nbsp;group>Bacteroidota>Flavobacteriia>Flavobacteriales>Weeksellaceae>Weeksella"
"Chryseobacterium salivictor"	"S"	2547600	0.002468	NA	NA	NA	0.002468	NA	"cellular&nbsp;organisms>Bacteria>FCB&nbsp;group>Bacteroidota/Chlorobiota&nbsp;group>Bacteroidota>Flavobacteriia>Flavobacteriales>Weeksellaceae>Chryseobacterium&nbsp;group>Chryseobacterium"
"Parvicella tangerina"	"S"	2829795	0.002468	NA	NA	NA	0.002468	NA	"cellular&nbsp;organisms>Bacteria>FCB&nbsp;group>Bacteroidota/Chlorobiota&nbsp;group>Bacteroidota>Flavobacteriia>Flavobacteriales>Parvicellaceae>Parvicella"
"Cyclobacterium marinum"	"S"	104	0.002468	NA	NA	NA	0.002468	NA	"cellular&nbsp;organisms>Bacteria>FCB&nbsp;group>Bacteroidota/Chlorobiota&nbsp;group>Bacteroidota>Cytophagia>Cytophagales>Cyclobacteriaceae>Cyclobacterium"
"Hymenobacter sp. DG25B"	"S"	1385664	0.002468	NA	NA	NA	0.002468	NA	"cellular&nbsp;organisms>Bacteria>FCB&nbsp;group>Bacteroidota/Chlorobiota&nbsp;group>Bacteroidota>Cytophagia>Cytophagales>Hymenobacteraceae>Hymenobacter>unclassified&nbsp;Hymenobacter"
"Fulvivirga sp. SS9-22"	"S"	2904245	0.002468	NA	NA	NA	0.002468	NA	"cellular&nbsp;organisms>Bacteria>FCB&nbsp;group>Bacteroidota/Chlorobiota&nbsp;group>Bacteroidota>Cytophagia>Cytophagales>Fulvivirgaceae>Fulvivirga>unclassified&nbsp;Fulvivirga"
"Dyadobacter fanqingshengii"	"S"	2906443	0.002468	NA	NA	NA	0.002468	NA	"cellular&nbsp;organisms>Bacteria>FCB&nbsp;group>Bacteroidota/Chlorobiota&nbsp;group>Bacteroidota>Cytophagia>Cytophagales>Spirosomaceae>Dyadobacter"
"Pedobacter cryoconitis"	"S"	188932	0.002468	NA	NA	NA	0.002468	NA	"cellular&nbsp;organisms>Bacteria>FCB&nbsp;group>Bacteroidota/Chlorobiota&nbsp;group>Bacteroidota>Sphingobacteriia>Sphingobacteriales>Sphingobacteriaceae>Pedobacter"
"Mucilaginibacter sp. KACC 22063"	"S"	3025666	0.002468	NA	NA	NA	0.002468	NA	"cellular&nbsp;organisms>Bacteria>FCB&nbsp;group>Bacteroidota/Chlorobiota&nbsp;group>Bacteroidota>Sphingobacteriia>Sphingobacteriales>Sphingobacteriaceae>Mucilaginibacter>unclassified&nbsp;Mucilaginibacter"
"Pectobacterium brasiliense"	"S"	180957	0.002468	NA	NA	NA	0.002468	NA	"cellular&nbsp;organisms>Bacteria>Pseudomonadota>Gammaproteobacteria>Enterobacterales>Pectobacteriaceae>Pectobacterium"
"Arsenophonus sp. aPb"	"S"	3041619	0.002468	NA	NA	NA	0.002468	NA	"cellular&nbsp;organisms>Bacteria>Pseudomonadota>Gammaproteobacteria>Enterobacterales>Morganellaceae>Arsenophonus>unclassified&nbsp;Arsenophonus"
"Pseudomonas sp. GCEP-101"	"S"	2974552	0.002468	NA	NA	NA	0.002468	NA	"cellular&nbsp;organisms>Bacteria>Pseudomonadota>Gammaproteobacteria>Pseudomonadales>Pseudomonadaceae>Pseudomonas>unclassified&nbsp;Pseudomonas"
"Pasteurella multocida"	"S"	747	0.002468	NA	NA	NA	0.002468	NA	"cellular&nbsp;organisms>Bacteria>Pseudomonadota>Gammaproteobacteria>Pasteurellales>Pasteurellaceae>Pasteurella"
"Xanthobacter autotrophicus"	"S"	280	0.002468	NA	NA	NA	0.002468	NA	"cellular&nbsp;organisms>Bacteria>Pseudomonadota>Alphaproteobacteria>Hyphomicrobiales>Xanthobacteraceae>Xanthobacter"
"Azospirillum sp. TSA2s"	"S"	709810	0.002468	NA	NA	NA	0.002468	NA	"cellular&nbsp;organisms>Bacteria>Pseudomonadota>Alphaproteobacteria>Rhodospirillales>Azospirillaceae>Azospirillum>unclassified&nbsp;Azospirillum"
"Acidovorax sp. JMULE5"	"S"	2518343	0.002468	NA	NA	NA	0.002468	NA	"cellular&nbsp;organisms>Bacteria>Pseudomonadota>Betaproteobacteria>Burkholderiales>Comamonadaceae>Acidovorax>unclassified&nbsp;Acidovorax"
"Ilyobacter polytropus"	"S"	167642	0.002468	NA	NA	NA	0.002468	NA	"cellular&nbsp;organisms>Bacteria>Fusobacteriota>Fusobacteriia>Fusobacteriales>Fusobacteriaceae>Ilyobacter"
"Candidatus Kuenenia stuttgartiensis"	"S"	174633	0.002468	NA	NA	NA	0.002468	NA	"cellular&nbsp;organisms>Bacteria>PVC&nbsp;group>Planctomycetota>Candidatus&nbsp;Brocadiia>Candidatus&nbsp;Brocadiales>Candidatus&nbsp;Brocadiaceae>Candidatus&nbsp;Kuenenia"
"Treponema denticola"	"S"	158	0.002468	NA	NA	NA	0.002468	NA	"cellular&nbsp;organisms>Bacteria>Spirochaetota>Spirochaetia>Spirochaetales>Treponemataceae>Treponema"
"Bifidobacterium longum"	"S"	216816	0.4819	NA	NA	NA	NA	0.4819	"cellular&nbsp;organisms>Bacteria>Terrabacteria&nbsp;group>Actinomycetota>Actinomycetes>Bifidobacteriales>Bifidobacteriaceae>Bifidobacterium"
"Bifidobacterium scardovii"	"S"	158787	0.02959	NA	NA	NA	NA	0.02959	"cellular&nbsp;organisms>Bacteria>Terrabacteria&nbsp;group>Actinomycetota>Actinomycetes>Bifidobacteriales>Bifidobacteriaceae>Bifidobacterium"
"Bifidobacterium pseudocatenulatum"	"S"	28026	0.0148	NA	NA	NA	NA	0.0148	"cellular&nbsp;organisms>Bacteria>Terrabacteria&nbsp;group>Actinomycetota>Actinomycetes>Bifidobacteriales>Bifidobacteriaceae>Bifidobacterium"
"Bifidobacterium sp. TKU"	"S"	2922858	0.002114	NA	NA	NA	NA	0.002114	"cellular&nbsp;organisms>Bacteria>Terrabacteria&nbsp;group>Actinomycetota>Actinomycetes>Bifidobacteriales>Bifidobacteriaceae>Bifidobacterium>unclassified&nbsp;Bifidobacterium"
"Bifidobacterium sp. ESL0682"	"S"	2983212	0.002114	NA	NA	NA	NA	0.002114	"cellular&nbsp;organisms>Bacteria>Terrabacteria&nbsp;group>Actinomycetota>Actinomycetes>Bifidobacteriales>Bifidobacteriaceae>Bifidobacterium>unclassified&nbsp;Bifidobacterium"
"Bifidobacterium sp. ESL0690"	"S"	2983214	0.002114	NA	NA	NA	NA	0.002114	"cellular&nbsp;organisms>Bacteria>Terrabacteria&nbsp;group>Actinomycetota>Actinomycetes>Bifidobacteriales>Bifidobacteriaceae>Bifidobacterium>unclassified&nbsp;Bifidobacterium"
"Bifidobacterium catenulatum"	"S"	1686	0.01268	NA	NA	NA	NA	0.01268	"cellular&nbsp;organisms>Bacteria>Terrabacteria&nbsp;group>Actinomycetota>Actinomycetes>Bifidobacteriales>Bifidobacteriaceae>Bifidobacterium"
"Bifidobacterium angulatum"	"S"	1683	0.01268	NA	NA	NA	NA	0.01268	"cellular&nbsp;organisms>Bacteria>Terrabacteria&nbsp;group>Actinomycetota>Actinomycetes>Bifidobacteriales>Bifidobacteriaceae>Bifidobacterium"
"Bifidobacterium saguini"	"S"	762210	0.01057	NA	NA	NA	NA	0.01057	"cellular&nbsp;organisms>Bacteria>Terrabacteria&nbsp;group>Actinomycetota>Actinomycetes>Bifidobacteriales>Bifidobacteriaceae>Bifidobacterium"
"Bifidobacterium imperatoris"	"S"	2020965	0.008455	NA	NA	NA	NA	0.008455	"cellular&nbsp;organisms>Bacteria>Terrabacteria&nbsp;group>Actinomycetota>Actinomycetes>Bifidobacteriales>Bifidobacteriaceae>Bifidobacterium"
"Bifidobacterium pullorum"	"S"	78448	0.006341	NA	NA	NA	NA	0.006341	"cellular&nbsp;organisms>Bacteria>Terrabacteria&nbsp;group>Actinomycetota>Actinomycetes>Bifidobacteriales>Bifidobacteriaceae>Bifidobacterium"
"Bifidobacterium pseudolongum"	"S"	1694	0.006341	NA	NA	NA	NA	0.006341	"cellular&nbsp;organisms>Bacteria>Terrabacteria&nbsp;group>Actinomycetota>Actinomycetes>Bifidobacteriales>Bifidobacteriaceae>Bifidobacterium"
"Bifidobacterium choerinum"	"S"	35760	0.004227	NA	NA	NA	NA	0.004227	"cellular&nbsp;organisms>Bacteria>Terrabacteria&nbsp;group>Actinomycetota>Actinomycetes>Bifidobacteriales>Bifidobacteriaceae>Bifidobacterium"
"Bifidobacterium subtile"	"S"	77635	0.002114	NA	NA	NA	NA	0.002114	"cellular&nbsp;organisms>Bacteria>Terrabacteria&nbsp;group>Actinomycetota>Actinomycetes>Bifidobacteriales>Bifidobacteriaceae>Bifidobacterium"
"Bifidobacterium thermophilum"	"S"	33905	0.002114	NA	NA	NA	NA	0.002114	"cellular&nbsp;organisms>Bacteria>Terrabacteria&nbsp;group>Actinomycetota>Actinomycetes>Bifidobacteriales>Bifidobacteriaceae>Bifidobacterium"
"Bifidobacterium lemurum"	"S"	1603886	0.002114	NA	NA	NA	NA	0.002114	"cellular&nbsp;organisms>Bacteria>Terrabacteria&nbsp;group>Actinomycetota>Actinomycetes>Bifidobacteriales>Bifidobacteriaceae>Bifidobacterium"
"Bifidobacterium eulemuris"	"S"	1765219	0.002114	NA	NA	NA	NA	0.002114	"cellular&nbsp;organisms>Bacteria>Terrabacteria&nbsp;group>Actinomycetota>Actinomycetes>Bifidobacteriales>Bifidobacteriaceae>Bifidobacterium"
"Corynebacterium singulare"	"S"	161899	0.002114	NA	NA	NA	NA	0.002114	"cellular&nbsp;organisms>Bacteria>Terrabacteria&nbsp;group>Actinomycetota>Actinomycetes>Mycobacteriales>Corynebacteriaceae>Corynebacterium"
"Corynebacterium freneyi"	"S"	134034	0.002114	NA	NA	NA	NA	0.002114	"cellular&nbsp;organisms>Bacteria>Terrabacteria&nbsp;group>Actinomycetota>Actinomycetes>Mycobacteriales>Corynebacteriaceae>Corynebacterium"
"Schaalia odontolytica"	"S"	1660	0.002114	NA	NA	NA	NA	0.002114	"cellular&nbsp;organisms>Bacteria>Terrabacteria&nbsp;group>Actinomycetota>Actinomycetes>Actinomycetales>Actinomycetaceae>Schaalia"
"Streptococcus oralis"	"S"	1303	0.3974	NA	NA	NA	NA	0.3974	"cellular&nbsp;organisms>Bacteria>Terrabacteria&nbsp;group>Bacillota>Bacilli>Lactobacillales>Streptococcaceae>Streptococcus"
"Streptococcus sp. oral taxon 431"	"S"	712633	0.02114	NA	NA	NA	NA	0.02114	"cellular&nbsp;organisms>Bacteria>Terrabacteria&nbsp;group>Bacillota>Bacilli>Lactobacillales>Streptococcaceae>Streptococcus>unclassified&nbsp;Streptococcus"
"Streptococcus sp. Marseille-Q3533"	"S"	2759692	0.01902	NA	NA	NA	NA	0.01902	"cellular&nbsp;organisms>Bacteria>Terrabacteria&nbsp;group>Bacillota>Bacilli>Lactobacillales>Streptococcaceae>Streptococcus>unclassified&nbsp;Streptococcus"
"Streptococcus sp. Marseille-Q6470"	"S"	2972784	0.0148	NA	NA	NA	NA	0.0148	"cellular&nbsp;organisms>Bacteria>Terrabacteria&nbsp;group>Bacillota>Bacilli>Lactobacillales>Streptococcaceae>Streptococcus>unclassified&nbsp;Streptococcus"
"Streptococcus sp. NPS 308"	"S"	1902136	0.0148	NA	NA	NA	NA	0.0148	"cellular&nbsp;organisms>Bacteria>Terrabacteria&nbsp;group>Bacillota>Bacilli>Lactobacillales>Streptococcaceae>Streptococcus>unclassified&nbsp;Streptococcus"
"Streptococcus sp. LPB0220"	"S"	2610896	0.008455	NA	NA	NA	NA	0.008455	"cellular&nbsp;organisms>Bacteria>Terrabacteria&nbsp;group>Bacillota>Bacilli>Lactobacillales>Streptococcaceae>Streptococcus>unclassified&nbsp;Streptococcus"
"Streptococcus sp. A12"	"S"	1759399	0.006341	NA	NA	NA	NA	0.006341	"cellular&nbsp;organisms>Bacteria>Terrabacteria&nbsp;group>Bacillota>Bacilli>Lactobacillales>Streptococcaceae>Streptococcus>unclassified&nbsp;Streptococcus"
"Streptococcus sp. HSISM1"	"S"	1316408	0.004227	NA	NA	NA	NA	0.004227	"cellular&nbsp;organisms>Bacteria>Terrabacteria&nbsp;group>Bacillota>Bacilli>Lactobacillales>Streptococcaceae>Streptococcus>unclassified&nbsp;Streptococcus"
"Streptococcus sp. 1643"	"S"	2576376	0.004227	NA	NA	NA	NA	0.004227	"cellular&nbsp;organisms>Bacteria>Terrabacteria&nbsp;group>Bacillota>Bacilli>Lactobacillales>Streptococcaceae>Streptococcus>unclassified&nbsp;Streptococcus"
"Streptococcus sp. FDAARGOS_521"	"S"	2420309	0.004227	NA	NA	NA	NA	0.004227	"cellular&nbsp;organisms>Bacteria>Terrabacteria&nbsp;group>Bacillota>Bacilli>Lactobacillales>Streptococcaceae>Streptococcus>unclassified&nbsp;Streptococcus"
"Streptococcus sp. D7B5"	"S"	3038077	0.002114	NA	NA	NA	NA	0.002114	"cellular&nbsp;organisms>Bacteria>Terrabacteria&nbsp;group>Bacillota>Bacilli>Lactobacillales>Streptococcaceae>Streptococcus>unclassified&nbsp;Streptococcus"
"Streptococcus sp. zg-86"	"S"	2664091	0.002114	NA	NA	NA	NA	0.002114	"cellular&nbsp;organisms>Bacteria>Terrabacteria&nbsp;group>Bacillota>Bacilli>Lactobacillales>Streptococcaceae>Streptococcus>unclassified&nbsp;Streptococcus"
"Streptococcus sp. HSISS3"	"S"	1316412	0.002114	NA	NA	NA	NA	0.002114	"cellular&nbsp;organisms>Bacteria>Terrabacteria&nbsp;group>Bacillota>Bacilli>Lactobacillales>Streptococcaceae>Streptococcus>unclassified&nbsp;Streptococcus"
"Streptococcus sp. oral taxon 061"	"S"	712623	0.002114	NA	NA	NA	NA	0.002114	"cellular&nbsp;organisms>Bacteria>Terrabacteria&nbsp;group>Bacillota>Bacilli>Lactobacillales>Streptococcaceae>Streptococcus>unclassified&nbsp;Streptococcus"
"Streptococcus pseudopneumoniae"	"S"	257758	0.1395	NA	NA	NA	NA	0.1395	"cellular&nbsp;organisms>Bacteria>Terrabacteria&nbsp;group>Bacillota>Bacilli>Lactobacillales>Streptococcaceae>Streptococcus"
"Streptococcus gwangjuense"	"S"	1433513	0.1247	NA	NA	NA	NA	0.1247	"cellular&nbsp;organisms>Bacteria>Terrabacteria&nbsp;group>Bacillota>Bacilli>Lactobacillales>Streptococcaceae>Streptococcus"
"Streptococcus toyakuensis"	"S"	2819619	0.1205	NA	NA	NA	NA	0.1205	"cellular&nbsp;organisms>Bacteria>Terrabacteria&nbsp;group>Bacillota>Bacilli>Lactobacillales>Streptococcaceae>Streptococcus"
"Streptococcus australis"	"S"	113107	0.02536	NA	NA	NA	NA	0.02536	"cellular&nbsp;organisms>Bacteria>Terrabacteria&nbsp;group>Bacillota>Bacilli>Lactobacillales>Streptococcaceae>Streptococcus"
"Streptococcus sanguinis"	"S"	1305	0.0148	NA	NA	NA	NA	0.0148	"cellular&nbsp;organisms>Bacteria>Terrabacteria&nbsp;group>Bacillota>Bacilli>Lactobacillales>Streptococcaceae>Streptococcus"
"Streptococcus gordonii"	"S"	1302	0.01268	NA	NA	NA	NA	0.01268	"cellular&nbsp;organisms>Bacteria>Terrabacteria&nbsp;group>Bacillota>Bacilli>Lactobacillales>Streptococcaceae>Streptococcus"
"Streptococcus suis"	"S"	1307	0.01268	NA	NA	NA	NA	0.01268	"cellular&nbsp;organisms>Bacteria>Terrabacteria&nbsp;group>Bacillota>Bacilli>Lactobacillales>Streptococcaceae>Streptococcus"
"Streptococcus cristatus"	"S"	45634	0.008455	NA	NA	NA	NA	0.008455	"cellular&nbsp;organisms>Bacteria>Terrabacteria&nbsp;group>Bacillota>Bacilli>Lactobacillales>Streptococcaceae>Streptococcus"
"Streptococcus intermedius"	"S"	1338	0.004227	NA	NA	NA	NA	0.004227	"cellular&nbsp;organisms>Bacteria>Terrabacteria&nbsp;group>Bacillota>Bacilli>Lactobacillales>Streptococcaceae>Streptococcus>Streptococcus&nbsp;anginosus&nbsp;group"
"Streptococcus constellatus"	"S"	76860	0.002114	NA	NA	NA	NA	0.002114	"cellular&nbsp;organisms>Bacteria>Terrabacteria&nbsp;group>Bacillota>Bacilli>Lactobacillales>Streptococcaceae>Streptococcus>Streptococcus&nbsp;anginosus&nbsp;group"
"Streptococcus parasanguinis"	"S"	1318	0.004227	NA	NA	NA	NA	0.004227	"cellular&nbsp;organisms>Bacteria>Terrabacteria&nbsp;group>Bacillota>Bacilli>Lactobacillales>Streptococcaceae>Streptococcus"
"Streptococcus lactarius"	"S"	684066	0.004227	NA	NA	NA	NA	0.004227	"cellular&nbsp;organisms>Bacteria>Terrabacteria&nbsp;group>Bacillota>Bacilli>Lactobacillales>Streptococcaceae>Streptococcus"
"Streptococcus porcinus"	"S"	1340	0.004227	NA	NA	NA	NA	0.004227	"cellular&nbsp;organisms>Bacteria>Terrabacteria&nbsp;group>Bacillota>Bacilli>Lactobacillales>Streptococcaceae>Streptococcus"
"Streptococcus vestibularis"	"S"	1343	0.004227	NA	NA	NA	NA	0.004227	"cellular&nbsp;organisms>Bacteria>Terrabacteria&nbsp;group>Bacillota>Bacilli>Lactobacillales>Streptococcaceae>Streptococcus"
"Streptococcus dysgalactiae"	"S"	1334	0.002114	NA	NA	NA	NA	0.002114	"cellular&nbsp;organisms>Bacteria>Terrabacteria&nbsp;group>Bacillota>Bacilli>Lactobacillales>Streptococcaceae>Streptococcus>Streptococcus&nbsp;dysgalactiae&nbsp;group"
"Streptococcus equi"	"S"	1336	0.002114	NA	NA	NA	NA	0.002114	"cellular&nbsp;organisms>Bacteria>Terrabacteria&nbsp;group>Bacillota>Bacilli>Lactobacillales>Streptococcaceae>Streptococcus>Streptococcus&nbsp;dysgalactiae&nbsp;group"
"Streptococcus ilei"	"S"	1156431	0.002114	NA	NA	NA	NA	0.002114	"cellular&nbsp;organisms>Bacteria>Terrabacteria&nbsp;group>Bacillota>Bacilli>Lactobacillales>Streptococcaceae>Streptococcus"
"Streptococcus gallolyticus"	"S"	315405	0.002114	NA	NA	NA	NA	0.002114	"cellular&nbsp;organisms>Bacteria>Terrabacteria&nbsp;group>Bacillota>Bacilli>Lactobacillales>Streptococcaceae>Streptococcus"
"Streptococcus pasteurianus"	"S"	197614	0.002114	NA	NA	NA	NA	0.002114	"cellular&nbsp;organisms>Bacteria>Terrabacteria&nbsp;group>Bacillota>Bacilli>Lactobacillales>Streptococcaceae>Streptococcus"
"Streptococcus sobrinus"	"S"	1310	0.002114	NA	NA	NA	NA	0.002114	"cellular&nbsp;organisms>Bacteria>Terrabacteria&nbsp;group>Bacillota>Bacilli>Lactobacillales>Streptococcaceae>Streptococcus"
"Streptococcus urinalis"	"S"	149016	0.002114	NA	NA	NA	NA	0.002114	"cellular&nbsp;organisms>Bacteria>Terrabacteria&nbsp;group>Bacillota>Bacilli>Lactobacillales>Streptococcaceae>Streptococcus"
"Streptococcus rubneri"	"S"	1234680	0.002114	NA	NA	NA	NA	0.002114	"cellular&nbsp;organisms>Bacteria>Terrabacteria&nbsp;group>Bacillota>Bacilli>Lactobacillales>Streptococcaceae>Streptococcus"
"Streptococcus acidominimus"	"S"	1326	0.002114	NA	NA	NA	NA	0.002114	"cellular&nbsp;organisms>Bacteria>Terrabacteria&nbsp;group>Bacillota>Bacilli>Lactobacillales>Streptococcaceae>Streptococcus"
"Streptococcus infantis"	"S"	68892	0.002114	NA	NA	NA	NA	0.002114	"cellular&nbsp;organisms>Bacteria>Terrabacteria&nbsp;group>Bacillota>Bacilli>Lactobacillales>Streptococcaceae>Streptococcus"
"Streptococcus canis"	"S"	1329	0.002114	NA	NA	NA	NA	0.002114	"cellular&nbsp;organisms>Bacteria>Terrabacteria&nbsp;group>Bacillota>Bacilli>Lactobacillales>Streptococcaceae>Streptococcus"
"Streptococcus alactolyticus"	"S"	29389	0.002114	NA	NA	NA	NA	0.002114	"cellular&nbsp;organisms>Bacteria>Terrabacteria&nbsp;group>Bacillota>Bacilli>Lactobacillales>Streptococcaceae>Streptococcus"
"Streptococcus ruminantium"	"S"	1917441	0.002114	NA	NA	NA	NA	0.002114	"cellular&nbsp;organisms>Bacteria>Terrabacteria&nbsp;group>Bacillota>Bacilli>Lactobacillales>Streptococcaceae>Streptococcus"
"Streptococcus salivarius"	"S"	1304	0.002114	NA	NA	NA	NA	0.002114	"cellular&nbsp;organisms>Bacteria>Terrabacteria&nbsp;group>Bacillota>Bacilli>Lactobacillales>Streptococcaceae>Streptococcus"
"Staphylococcus sp. NRL 22/194"	"S"	3020908	0.06975	NA	NA	NA	NA	0.06975	"cellular&nbsp;organisms>Bacteria>Terrabacteria&nbsp;group>Bacillota>Bacilli>Bacillales>Staphylococcaceae>Staphylococcus>unclassified&nbsp;Staphylococcus"
"Staphylococcus capitis"	"S"	29388	0.0148	NA	NA	NA	NA	0.0148	"cellular&nbsp;organisms>Bacteria>Terrabacteria&nbsp;group>Bacillota>Bacilli>Bacillales>Staphylococcaceae>Staphylococcus"
"Staphylococcus saccharolyticus"	"S"	33028	0.004227	NA	NA	NA	NA	0.004227	"cellular&nbsp;organisms>Bacteria>Terrabacteria&nbsp;group>Bacillota>Bacilli>Bacillales>Staphylococcaceae>Staphylococcus"
"Staphylococcus saprophyticus"	"S"	29385	0.002114	NA	NA	NA	NA	0.002114	"cellular&nbsp;organisms>Bacteria>Terrabacteria&nbsp;group>Bacillota>Bacilli>Bacillales>Staphylococcaceae>Staphylococcus"
"Staphylococcus simulans"	"S"	1286	0.002114	NA	NA	NA	NA	0.002114	"cellular&nbsp;organisms>Bacteria>Terrabacteria&nbsp;group>Bacillota>Bacilli>Bacillales>Staphylococcaceae>Staphylococcus"
"Staphylococcus pasteuri"	"S"	45972	0.002114	NA	NA	NA	NA	0.002114	"cellular&nbsp;organisms>Bacteria>Terrabacteria&nbsp;group>Bacillota>Bacilli>Bacillales>Staphylococcaceae>Staphylococcus"
"Paenibacillus sp. BIHB 4019"	"S"	1870819	0.002114	NA	NA	NA	NA	0.002114	"cellular&nbsp;organisms>Bacteria>Terrabacteria&nbsp;group>Bacillota>Bacilli>Bacillales>Paenibacillaceae>Paenibacillus>unclassified&nbsp;Paenibacillus"
"Peptoniphilus harei"	"S"	54005	0.006341	NA	NA	NA	NA	0.006341	"cellular&nbsp;organisms>Bacteria>Terrabacteria&nbsp;group>Bacillota>Tissierellia>Tissierellales>Peptoniphilaceae>Peptoniphilus"
"Mogibacterium pumilum"	"S"	86332	0.002114	NA	NA	NA	NA	0.002114	"cellular&nbsp;organisms>Bacteria>Terrabacteria&nbsp;group>Bacillota>Clostridia>Eubacteriales>Eubacteriales&nbsp;incertae&nbsp;sedis>Eubacteriales&nbsp;Family&nbsp;XIII.&nbsp;Incertae&nbsp;Sedis>Mogibacterium"
"Veillonella dispar"	"S"	39778	0.002114	NA	NA	NA	NA	0.002114	"cellular&nbsp;organisms>Bacteria>Terrabacteria&nbsp;group>Bacillota>Negativicutes>Veillonellales>Veillonellaceae>Veillonella"
"Mesomycoplasma neurolyticum"	"S"	2120	0.002114	NA	NA	NA	NA	0.002114	"cellular&nbsp;organisms>Bacteria>Terrabacteria&nbsp;group>Mycoplasmatota>Mollicutes>Mycoplasmatales>Mycoplasmataceae>Mesomycoplasma"
"Ralstonia mannitolilytica"	"S"	105219	0.008455	NA	NA	NA	NA	0.008455	"cellular&nbsp;organisms>Bacteria>Pseudomonadota>Betaproteobacteria>Burkholderiales>Burkholderiaceae>Ralstonia"
"Ralstonia insidiosa"	"S"	190721	0.004227	NA	NA	NA	NA	0.004227	"cellular&nbsp;organisms>Bacteria>Pseudomonadota>Betaproteobacteria>Burkholderiales>Burkholderiaceae>Ralstonia"
"Ralstonia wenshanensis"	"S"	2842456	0.004227	NA	NA	NA	NA	0.004227	"cellular&nbsp;organisms>Bacteria>Pseudomonadota>Betaproteobacteria>Burkholderiales>Burkholderiaceae>Ralstonia"
"Ralstonia solanacearum"	"S"	305	0.002114	NA	NA	NA	NA	0.002114	"cellular&nbsp;organisms>Bacteria>Pseudomonadota>Betaproteobacteria>Burkholderiales>Burkholderiaceae>Ralstonia"
"Massilia sp. WG5"	"S"	1707785	0.002114	NA	NA	NA	NA	0.002114	"cellular&nbsp;organisms>Bacteria>Pseudomonadota>Betaproteobacteria>Burkholderiales>Oxalobacteraceae>Massilia&nbsp;group>Massilia>unclassified&nbsp;Massilia"
"Massilia sp. Dwa41.01b"	"S"	2709302	0.002114	NA	NA	NA	NA	0.002114	"cellular&nbsp;organisms>Bacteria>Pseudomonadota>Betaproteobacteria>Burkholderiales>Oxalobacteraceae>Massilia&nbsp;group>Massilia>unclassified&nbsp;Massilia"
"Massilia sp. NP310"	"S"	2861282	0.002114	NA	NA	NA	NA	0.002114	"cellular&nbsp;organisms>Bacteria>Pseudomonadota>Betaproteobacteria>Burkholderiales>Oxalobacteraceae>Massilia&nbsp;group>Massilia>unclassified&nbsp;Massilia"
"Massilia putida"	"S"	1141883	0.002114	NA	NA	NA	NA	0.002114	"cellular&nbsp;organisms>Bacteria>Pseudomonadota>Betaproteobacteria>Burkholderiales>Oxalobacteraceae>Massilia&nbsp;group>Massilia"
"Duganella dendranthematis"	"S"	2728021	0.002114	NA	NA	NA	NA	0.002114	"cellular&nbsp;organisms>Bacteria>Pseudomonadota>Betaproteobacteria>Burkholderiales>Oxalobacteraceae>Massilia&nbsp;group>Duganella"
"Hydrogenophaga sp. YM1"	"S"	2806262	0.004227	NA	NA	NA	NA	0.004227	"cellular&nbsp;organisms>Bacteria>Pseudomonadota>Betaproteobacteria>Burkholderiales>Comamonadaceae>Hydrogenophaga>unclassified&nbsp;Hydrogenophaga"
"Acinetobacter junii"	"S"	40215	0.004227	NA	NA	NA	NA	0.004227	"cellular&nbsp;organisms>Bacteria>Pseudomonadota>Gammaproteobacteria>Moraxellales>Moraxellaceae>Acinetobacter"
"Acinetobacter pittii"	"S"	48296	0.002114	NA	NA	NA	NA	0.002114	"cellular&nbsp;organisms>Bacteria>Pseudomonadota>Gammaproteobacteria>Moraxellales>Moraxellaceae>Acinetobacter>Acinetobacter&nbsp;calcoaceticus/baumannii&nbsp;complex"
"Acinetobacter sp. FDAARGOS_724"	"S"	2545797	0.002114	NA	NA	NA	NA	0.002114	"cellular&nbsp;organisms>Bacteria>Pseudomonadota>Gammaproteobacteria>Moraxellales>Moraxellaceae>Acinetobacter>unclassified&nbsp;Acinetobacter"
"Cellvibrio sp. KY-GH-1"	"S"	2303332	0.002114	NA	NA	NA	NA	0.002114	"cellular&nbsp;organisms>Bacteria>Pseudomonadota>Gammaproteobacteria>Cellvibrionales>Cellvibrionaceae>Cellvibrio>unclassified&nbsp;Cellvibrio"
"Bosea sp. Tri-49"	"S"	1867715	0.002114	NA	NA	NA	NA	0.002114	"cellular&nbsp;organisms>Bacteria>Pseudomonadota>Alphaproteobacteria>Hyphomicrobiales>Boseaceae>Bosea>unclassified&nbsp;Bosea&nbsp;(in:&nbsp;a&#x2011;proteobacteria)"
"Treponema pedis"	"S"	409322	0.002114	NA	NA	NA	NA	0.002114	"cellular&nbsp;organisms>Bacteria>Spirochaetota>Spirochaetia>Spirochaetales>Treponemataceae>Treponema"
"Polyangium aurulentum"	"S"	2567896	0.002114	NA	NA	NA	NA	0.002114	"cellular&nbsp;organisms>Bacteria>Myxococcota>Polyangia>Polyangiales>Polyangiaceae>Polyangium"
"Streptococcus phage phiARI0131-2"	"S"	1701814	0.008455	NA	NA	NA	NA	0.008455	"Viruses>Duplodnaviria>Heunggongvirae>Uroviricota>Caudoviricetes>unclassified&nbsp;Caudoviricetes"
"Streptococcus phage PH10"	"S"	644007	0.004227	NA	NA	NA	NA	0.004227	"Viruses>Duplodnaviria>Heunggongvirae>Uroviricota>Caudoviricetes>unclassified&nbsp;Caudoviricetes"
